CategoryCode	CategoryName	ItemCode	ItemName	UomCode	UomName	VatPercent	UnitPrice	SourceRows	Resolution
BINDING_FILING	Bìa còng, bìa phân trang, trình ký	VPP_96F177E360C201D7C3BC5C98	Bìa 100 lá nhựa A4- LĐ	ITEM	Cái	8.00	64000	57	source
BINDING_FILING	Bìa còng, bìa phân trang, trình ký	VPP_92851BE6CCC14BF35895B4FC	Bìa 2 kẹp ngang dọc A4 - đỏ	ITEM	Cái	8.00	24200	86	source
BINDING_FILING	Bìa còng, bìa phân trang, trình ký	VPP_8E74D5E3B101143A220A9DA4	Bìa 2 kẹp ngang dọc A4 - vàng	ITEM	Cái	8.00	24200	91	source
BINDING_FILING	Bìa còng, bìa phân trang, trình ký	VPP_B3ED6371C20A8E27E6E5CF90	Bìa 2 kẹp ngang dọc A4 - xanh	ITEM	Cái	8.00	24200	88	source
BINDING_FILING	Bìa còng, bìa phân trang, trình ký	VPP_4D324C193EE442580BA58E5E	Bìa 2 kẹp ngang dọc A4 - xanh lá	ITEM	Cái	8.00	24200	89	source
BINDING_FILING	Bìa còng, bìa phân trang, trình ký	VPP_D3F4FB1C6391EA3308482547	Bìa 2 kẹp ngang dọc F4 -xanh (Dài)	ITEM	Cái	8.00	32500	90	source
BINDING_FILING	Bìa còng, bìa phân trang, trình ký	VPP_4625CC216E438C7448B246D4	Bìa 2 lá A4 Plus	ITEM	Cái	8.00	1950	67	source
BINDING_FILING	Bìa còng, bìa phân trang, trình ký	VPP_1DD4788F9E75852A9B9F6FE0	Bìa 2 lá F4 Plus	ITEM	Cái	8.00	2600	68	source
BINDING_FILING	Bìa còng, bìa phân trang, trình ký	VPP_62DC0F39AD8121F67606FAEF	Bìa 20 lá nhựa A4- LĐ	ITEM	Cái	8.00	26500	54	source
BINDING_FILING	Bìa còng, bìa phân trang, trình ký	VPP_EDB42D34C93A3086B7BCEC6F	Bìa 3 dây caro 10cm -TL	ITEM	Cái	8.00	13200	83	source
BINDING_FILING	Bìa còng, bìa phân trang, trình ký	VPP_D68D8B7F70B95ECB7332C9E7	Bìa 3 dây caro 15cm -TL	ITEM	Cái	8.00	14200	84	source
BINDING_FILING	Bìa còng, bìa phân trang, trình ký	VPP_E0599D5A20C64E37377B401F	Bìa 3 dây caro 20cm -TL dây dài	ITEM	Cái	8.00	15900	85	source
BINDING_FILING	Bìa còng, bìa phân trang, trình ký	VPP_82BB6066B75ED93E33AD3104	Bìa 3 dây caro 7cm	ITEM	Cái	8.00	12300	82	source
BINDING_FILING	Bìa còng, bìa phân trang, trình ký	VPP_C6692384B8E584BE6CC92DB8	Bìa 40 lá nhựa A4- LĐ	ITEM	Cái	8.00	35000	55	source
BINDING_FILING	Bìa còng, bìa phân trang, trình ký	VPP_2C07D5F1B341A4E48DCA8658	Bìa 60 lá nhựa A4- LĐ	ITEM	Cái	8.00	44000	56	source
BINDING_FILING	Bìa còng, bìa phân trang, trình ký	VPP_63DB06C4AFC579D2541D75D1	Bìa Accord giấy CV (màu hồng)	ITEM	Cái	8.00	10200	58	source
BINDING_FILING	Bìa còng, bìa phân trang, trình ký	VPP_2A6DA4A232115E0BD248C2CF	Bìa Accord giấy CV (màu xanh)	ITEM	Cái	8.00	10200	59	source
BINDING_FILING	Bìa còng, bìa phân trang, trình ký	VPP_FBE974E070709165A892C3D2	Bìa accord nhựa A4	ITEM	Cái	8.00	7500	61	source
BINDING_FILING	Bìa còng, bìa phân trang, trình ký	VPP_775D571626E59F85249FFC00	Bìa accord nhựa A4 - L1 có lỗ bên gáy	ITEM	Cái	8.00	8000	62	source
BINDING_FILING	Bìa còng, bìa phân trang, trình ký	VPP_DB454A7EC9A592E95CC550D2	Bìa cây (LĐ)	ITEM	Cái	8.00	5400	53	source
BINDING_FILING	Bìa còng, bìa phân trang, trình ký	VPP_827131E86E6D116331BF8077	Bìa còng 5cm 2Si HTM F4	ITEM	Cái	8.00	30100	49	source
BINDING_FILING	Bìa còng, bìa phân trang, trình ký	VPP_980FA2A1AAA8AF7B40E21F73	Bìa còng 7cm 2Si HTM F4	ITEM	Cái	8.00	30100	48	source
BINDING_FILING	Bìa còng, bìa phân trang, trình ký	VPP_54990981AD8411A4998A2495	Bìa còng cua 3f5	ITEM	Cái	8.00	24700	47	source
BINDING_FILING	Bìa còng, bìa phân trang, trình ký	VPP_8F5F8B2A878BA942CABFA1D0	Bìa dây kéo A4	ITEM	Cái	8.00	14500	81	source
BINDING_FILING	Bìa còng, bìa phân trang, trình ký	VPP_BD02247F658286594158DB38	Bìa giấy A4 ĐL - thơm	STACK	Xấp	8.00	89000	45	source
BINDING_FILING	Bìa còng, bìa phân trang, trình ký	VPP_892C433A49B8E0C589E886C4	Bìa HS 2 ngăn	ITEM	Cái	8.00	8500	69	source
BINDING_FILING	Bìa còng, bìa phân trang, trình ký	VPP_2810F33E2B7B28B191C2F9DC	Bìa kiếng - A4, dày	STACK	Xấp	8.00	64000	52	source
BINDING_FILING	Bìa còng, bìa phân trang, trình ký	VPP_1B1A221F74BCB87C1072F85A	Bìa lỗ dày A4 500g	STACK	Xấp	8.00	53100	51	source
BINDING_FILING	Bìa còng, bìa phân trang, trình ký	VPP_FD0A3ACBE9242E19D6FF0C21	Bìa lỗ TQ GM	STACK	Xấp	8.00	44100	50	source
BINDING_FILING	Bìa còng, bìa phân trang, trình ký	VPP_3B203D0C2285DFD6810A0A0C	Bìa Mỹ - A3	LEAF	Tờ	8.00	2050	46	source
BINDING_FILING	Bìa còng, bìa phân trang, trình ký	VPP_D0F9F4073F384560765758B0	Bìa nhẫn O Ring 3,5 P	ITEM	Cái	8.00	45000	71	source
BINDING_FILING	Bìa còng, bìa phân trang, trình ký	VPP_CA1D62494BB0E97933CE7A42	Bìa Nhẫn trắng 3.5 P	ITEM	Cái	8.00	69500	70	source
BINDING_FILING	Bìa còng, bìa phân trang, trình ký	VPP_C61F3271D5EA2C67481FB4DA	Bìa nút F4 LĐ	ITEM	Cái	8.00	3900	63	source
BINDING_FILING	Bìa còng, bìa phân trang, trình ký	VPP_3F3E1B8810901327FC4EF9A2	Bìa phân trang mũi tên post - it	STACK	Xấp	8.00	22500	65	source
BINDING_FILING	Bìa còng, bìa phân trang, trình ký	VPP_765BF462D72B2178C2042BD4	Bìa phân trang nhựa 12 số	SET	Bộ	8.00	10600	66	source
BINDING_FILING	Bìa còng, bìa phân trang, trình ký	VPP_82E3C8620D2A675621300A69	Bìa trình ký đôi mt	ITEM	Cái	8.00	19500	77	source
BINDING_FILING	Bìa còng, bìa phân trang, trình ký	VPP_92CF692CC49E06B691976D0A	Bìa trình ký đơn - mica A4	ITEM	Cái	8.00	31000	78	source
BINDING_FILING	Bìa còng, bìa phân trang, trình ký	VPP_FFFD4045F89F65EB6B7FABC0	Bìa trình ký đơn mt	ITEM	Cái	8.00	16500	79	source
BINDING_FILING	Bìa còng, bìa phân trang, trình ký	VPP_6D93CBDBF0B607859F57497B	Bìa trình ký đơn nhựa dẻo	ITEM	Cái	8.00	30500	80	source
BINDING_FILING	Bìa còng, bìa phân trang, trình ký	VPP_BCD50D408E604EAFB19775A5	Cặp 12 ngăn Flexoffice FO-EB01 (FS)	ITEM	Cái	8.00	115000	60	source
BINDING_FILING	Bìa còng, bìa phân trang, trình ký	VPP_A1A26C469897B42555440194	Dao rọc giấy lớn SDI 0423-2	STICK	Cây	8.00	19700	74	source
BINDING_FILING	Bìa còng, bìa phân trang, trình ký	VPP_F38B9A4E64ED23868E1E8E38	Dao rọc giấy nhỏ Inox Deli 2034	STICK	Cây	8.00	31000	76	source
BINDING_FILING	Bìa còng, bìa phân trang, trình ký	VPP_3B784EE798436B362CE11D1F	Dao rọc giấy nhỏ SDI 0404-2	STICK	Cây	8.00	12900	75	source
BINDING_FILING	Bìa còng, bìa phân trang, trình ký	VPP_1C9687F5DC950BD34427990F	File lồng kính 2 còng 3,5P - A4	ITEM	Cái	8.00	42000	72	source
BINDING_FILING	Bìa còng, bìa phân trang, trình ký	VPP_F0EE883C7DBCC3E01D6F409C	File lồng kính 2 còng 5P - A5	ITEM	Cái	8.00	29500	73	source
BINDING_FILING	Bìa còng, bìa phân trang, trình ký	VPP_BCC5BFC825A42ECB8383D35F	Túi đựng Hồ Sơ	ITEM	Cái	8.00	9900	64	source
CLIPS_STAPLES_SCISSORS	Kẹp bướm, kim bấm, kéo	VPP_5953AD0D20AB512A93DDB3CF	Cây ghim giấy sắt	STICK	Cây	8.00	15000	121	source
CLIPS_STAPLES_SCISSORS	Kẹp bướm, kim bấm, kéo	VPP_F1719114782109D5F307A160	Chặn sách - lớn	PAIR_PACK	Cặp	8.00	79000	123	source
CLIPS_STAPLES_SCISSORS	Kẹp bướm, kim bấm, kéo	VPP_49AA7AE1836D77EE843859B8	Đinh ghim bảng nhung	BOX	Hộp	8.00	16200	122	source
CLIPS_STAPLES_SCISSORS	Kẹp bướm, kim bấm, kéo	VPP_8907E31DC17126301A48F565	Hồ khô 8gr G-36S	STICK	Cây	8.00	6800	112;345	duplicate_first_source_row
CLIPS_STAPLES_SCISSORS	Kẹp bướm, kim bấm, kéo	VPP_6A81107B0724E49A72D14130	Kệ Tầng Xukiva - nhựa trong ĐL	ITEM	Cái	8.00	161000	101	source
CLIPS_STAPLES_SCISSORS	Kẹp bướm, kim bấm, kéo	VPP_4D4DDAF9A4BC66E7398C7E6F	Kéo bấm chỉ	STICK	Cây	8.00	5600	109	source
CLIPS_STAPLES_SCISSORS	Kẹp bướm, kim bấm, kéo	VPP_B7BCF0A186AB015B1DC2F02A	Kéo bấm chỉ PIN 1423	STICK	Cây	8.00	12800	110	source
CLIPS_STAPLES_SCISSORS	Kẹp bướm, kim bấm, kéo	VPP_F331289BEBF74D733CB9CC70	Kéo can cam TN10	STICK	Cây	8.00	79000	107	source
CLIPS_STAPLES_SCISSORS	Kẹp bướm, kim bấm, kéo	VPP_C93139806E5E6FA7B6108E20	Kéo cắt giấy 183/180	ITEM	Cái	8.00	15200	102	source
CLIPS_STAPLES_SCISSORS	Kẹp bướm, kim bấm, kéo	VPP_2958563947B715FF77792361	Keó cắt passan	ITEM	Cái	8.00	69000	108	source
CLIPS_STAPLES_SCISSORS	Kẹp bướm, kim bấm, kéo	VPP_F7644E5D86AB636661B09DFB	Keo dán UHU	ITEM	Cái	8.00	35000	130	source
CLIPS_STAPLES_SCISSORS	Kẹp bướm, kim bấm, kéo	VPP_99E57E9F67E954955D84CDAF	Kéo mổ túi cán đỏ (kéo cắt cá)	ITEM	Cái	8.00	65000	104	source
CLIPS_STAPLES_SCISSORS	Kẹp bướm, kim bấm, kéo	VPP_CC33E2FE55C2A3F2F5CCA739	Kéo răng cưa	ITEM	Cái	8.00	240000	111	source
CLIPS_STAPLES_SCISSORS	Kẹp bướm, kim bấm, kéo	VPP_CFE26A5E4607A701EC766300	Kéo Sắt mạ inox - A1 (Số 9 - 16cm)	ITEM	Cái	8.00	89000	106	source
CLIPS_STAPLES_SCISSORS	Kẹp bướm, kim bấm, kéo	VPP_94FA8E0A4E1257204EC95728	Kéo Sắt P.T số 3 (18cm)	ITEM	Cái	8.00	105000	105	source
CLIPS_STAPLES_SCISSORS	Kẹp bướm, kim bấm, kéo	VPP_3DE0970483AEBF6C555AF40C	Kéo Suremark	ITEM	Cái	8.00	48000	103	source
CLIPS_STAPLES_SCISSORS	Kẹp bướm, kim bấm, kéo	VPP_07B6EFD202371277FDA7FF55	Kẹp bướm 15mm	BOX	Hộp	8.00	4200	93	source
CLIPS_STAPLES_SCISSORS	Kẹp bướm, kim bấm, kéo	VPP_A3D298B7B7EE9BA868E74462	Kẹp bướm 19mm	BOX	Hộp	8.00	5800	94	source
CLIPS_STAPLES_SCISSORS	Kẹp bướm, kim bấm, kéo	VPP_BBBB58908D7F0D6E6F33AEF4	Kẹp bướm 25 mm	BOX	Hộp	8.00	8400	95	source
CLIPS_STAPLES_SCISSORS	Kẹp bướm, kim bấm, kéo	VPP_29D7F7162C43C555EB080572	Kẹp bướm 32mm	BOX	Hộp	8.00	13300	96	source
CLIPS_STAPLES_SCISSORS	Kẹp bướm, kim bấm, kéo	VPP_AB45011F6A3D2D1CD0BFDDAC	Kẹp bướm 41mm	BOX	Hộp	8.00	18800	97	source
CLIPS_STAPLES_SCISSORS	Kẹp bướm, kim bấm, kéo	VPP_90CE874CF16BD7DF5853C724	Kẹp bướm 51mm	BOX	Hộp	8.00	27500	98	source
CLIPS_STAPLES_SCISSORS	Kẹp bướm, kim bấm, kéo	VPP_D96B659963B2F5B6EDE638F7	Kẹp bướm sắt 12cm	ITEM	Cái	8.00	27500	99	source
CLIPS_STAPLES_SCISSORS	Kẹp bướm, kim bấm, kéo	VPP_9255727FF2BA194CA7776573	Kẹp bướm sắt 3''	ITEM	Cái	8.00	15500	100	source
CLIPS_STAPLES_SCISSORS	Kẹp bướm, kim bấm, kéo	VPP_F6550946F385CE5FCD057EE6	Kẹp giấy C62 TQ	BOX	Hộp	8.00	3150	120	source
CLIPS_STAPLES_SCISSORS	Kẹp bướm, kim bấm, kéo	VPP_B1CD3B66AE1B219C68342358	Kẹp giấy C82 TQ	BOX	Hộp	8.00	4200	119	source
CLIPS_STAPLES_SCISSORS	Kẹp bướm, kim bấm, kéo	VPP_5E4047BB19FA56D2F0BE8779	Kim bấm 3 SDI	BOX	Hộp	8.00	4900	117	source
CLIPS_STAPLES_SCISSORS	Kẹp bướm, kim bấm, kéo	VPP_12C6C299C8B52F6DA4535E0D	Kim bấm số 10 plus	BOX	Hộp	8.00	3550	118	source
CLIPS_STAPLES_SCISSORS	Kẹp bướm, kim bấm, kéo	VPP_3796B3A33AFF686D74A2A006	Kim bấm Trio-23/08-24/06	BOX	Hộp	8.00	9200	113	source
CLIPS_STAPLES_SCISSORS	Kẹp bướm, kim bấm, kéo	VPP_91BBD74F8267BC663795D266	Kim bấm Trio-23/10	BOX	Hộp	8.00	10700	114	source
CLIPS_STAPLES_SCISSORS	Kẹp bướm, kim bấm, kéo	VPP_62196900D8602C57A457FCFE	Kim bấm Trio-23/13	BOX	Hộp	8.00	12500	115	source
CLIPS_STAPLES_SCISSORS	Kẹp bướm, kim bấm, kéo	VPP_A26C8B90520C0E79906C58FA	Kim bấm Trio-23/20	BOX	Hộp	8.00	17500	116	source
CLIPS_STAPLES_SCISSORS	Kẹp bướm, kim bấm, kéo	VPP_DB2DE0F579E697808C42AFDC	Kim bắn thẻ bài KHL-68X	BOX	Hộp	8.00	85000	129	source
CLIPS_STAPLES_SCISSORS	Kẹp bướm, kim bấm, kéo	VPP_51EFDAE6F718AB32ABF62F73	Kim khoanh	BLISTER	Vỉ	8.00	25000	124	source
CLIPS_STAPLES_SCISSORS	Kẹp bướm, kim bấm, kéo	VPP_28E41B339162216342FBB9C1	Máy tính casio 12 số JS-120L	ITEM	Cái	8.00	105000	128	source
CLIPS_STAPLES_SCISSORS	Kẹp bướm, kim bấm, kéo	VPP_47F7977CF00CCB790A3C1F2F	Máy tính Casio 12 số (loại tốt) AX120B	ITEM	Cái	8.00	320000	127	source
CLIPS_STAPLES_SCISSORS	Kẹp bướm, kim bấm, kéo	VPP_220FC166028C2BE19EC5A03E	Máy tính FX-570 plus	ITEM	Cái	8.00	590000	125	source
CLIPS_STAPLES_SCISSORS	Kẹp bướm, kim bấm, kéo	VPP_557F9A4DE587202A3AB5CB8F	Máy tính M28	ITEM	Cái	8.00	85000	126	source
NOTEBOOK_RULER	Tập viết, Thước kẻ	VPP_9CEA50B59FDEC52676AA8237	Hóa đơn bán lẻ 1 liên	VOLUME	Cuốn	8.00	7000	235	source
NOTEBOOK_RULER	Tập viết, Thước kẻ	VPP_B5E1E236B21409C182D08F3E	Sổ card 160	VOLUME	Cuốn	8.00	35000	209	source
NOTEBOOK_RULER	Tập viết, Thước kẻ	VPP_BF2FA0FDB478E8705772EE9E	Sổ card 320	VOLUME	Cuốn	8.00	55000	208	source
NOTEBOOK_RULER	Tập viết, Thước kẻ	VPP_D55825D199F344E0172AAD20	Sổ caro 25x35 (D)	VOLUME	Cuốn	8.00	54000	213	source
NOTEBOOK_RULER	Tập viết, Thước kẻ	VPP_24796C8C8FA762A540C83FB6	Sổ caro 30x40 (D)	VOLUME	Cuốn	8.00	65000	214	source
NOTEBOOK_RULER	Tập viết, Thước kẻ	VPP_11BDDF473FFC1E508551C9F4	Sổ da A5 - dày	VOLUME	Cuốn	8.00	29500	211	source
NOTEBOOK_RULER	Tập viết, Thước kẻ	VPP_5A7B206E3134A7E5B48FD0A2	Sổ đen A4 bìa da - dày	VOLUME	Cuốn	8.00	48000	212	source
NOTEBOOK_RULER	Tập viết, Thước kẻ	VPP_D2A1ECBCD17F99C2D90D6179	Sổ name card loại 194 lá	VOLUME	Cuốn	8.00	39000	210	source
NOTEBOOK_RULER	Tập viết, Thước kẻ	VPP_FEB6C14CDD19F732CDDECC14	Tập 200tr SV	BOOK	Quyển	8.00	17500	215	source
NOTEBOOK_RULER	Tập viết, Thước kẻ	VPP_B227921013D15697216EA500	Tập 200tr Tiến phát	VOLUME	Cuốn	8.00	12500	216	source
NOTEBOOK_RULER	Tập viết, Thước kẻ	VPP_EC97C2285D92D16DB12A2EC4	Tập 96tr ACB	BOOK	Quyển	8.00	9500	218	source
NOTEBOOK_RULER	Tập viết, Thước kẻ	VPP_583BB7CA73B8AC53663B2683	Tập 96tr Tiến phát	VOLUME	Cuốn	8.00	6500	217	source
NOTEBOOK_RULER	Tập viết, Thước kẻ	VPP_381E2AAF026E8406A093E8F3	Thước cứng 20cm	STICK	Cây	8.00	3500	222	source
NOTEBOOK_RULER	Tập viết, Thước kẻ	VPP_43F6696D3B8A63C2D48C26B7	Thước cứng 30cm	STICK	Cây	8.00	5200	223	source
NOTEBOOK_RULER	Tập viết, Thước kẻ	VPP_0BAFF55C60A88D3C7173EC4C	Thước cứng 50cm	STICK	Cây	8.00	15500	224	source
NOTEBOOK_RULER	Tập viết, Thước kẻ	VPP_AF8C4275CA062DD39338730B	Thước cuộn DEJ 5m	ITEM	Cái	8.00	27500	233	source
NOTEBOOK_RULER	Tập viết, Thước kẻ	VPP_599AA8E77F1EBA3B014E7B4B	Thước cuộn sắt	ITEM	Cái	8.00	45000	231	source
NOTEBOOK_RULER	Tập viết, Thước kẻ	VPP_B61465CA16D92A8B357A473A	Thước dây cuộn hoechstmass	ITEM	Cái	8.00	68850	234	source
NOTEBOOK_RULER	Tập viết, Thước kẻ	VPP_596B48C6DAA990732B950276	Thước dây may - Hàng Đức 2 mặt vàng (L)	STRAND	Sợi	8.00	36500	230	source
NOTEBOOK_RULER	Tập viết, Thước kẻ	VPP_80180D0293A6A1B1B8EE13D1	Thước dây may - Hàng Đức 2 mặt vàng (M)	STRAND	Sợi	8.00	28500	228	source
NOTEBOOK_RULER	Tập viết, Thước kẻ	VPP_E1CE489510FBC54F62666387	Thước dây may kéo - tròn	ITEM	Cái	8.00	47000	229	source
NOTEBOOK_RULER	Tập viết, Thước kẻ	VPP_0105FAE39D6FA6FC74661BAB	Thước dẻo 20cm (M)	STICK	Cây	8.00	3200	219	source
NOTEBOOK_RULER	Tập viết, Thước kẻ	VPP_3B454C60EC704AE741E1DA37	Thước dẻo 30cm (M)	STICK	Cây	8.00	4900	220	source
NOTEBOOK_RULER	Tập viết, Thước kẻ	VPP_334696A10FF96A05500F0969	Thước dẻo 50cm (M)	STICK	Cây	8.00	18500	221	source
NOTEBOOK_RULER	Tập viết, Thước kẻ	VPP_131A258D07D657BDC3A3B7CB	Thước may nhôm - 1m	STICK	Cây	8.00	65000	225	source
NOTEBOOK_RULER	Tập viết, Thước kẻ	VPP_F96684083B1AFEEAC42F53EF	Thước may sắt - 30cm	STICK	Cây	8.00	35000	227	source
NOTEBOOK_RULER	Tập viết, Thước kẻ	VPP_7A80D92CF2CA20B30C1E2556	Thước may sắt - 50cm	STICK	Cây	8.00	75000	226	source
NOTEBOOK_RULER	Tập viết, Thước kẻ	VPP_B163F62F6071E70DC273F71C	Thước sắt 1m - 1,5li	STICK	Cây	8.00	95000	232	source
OFFICE_SUPPORT	Phục vụ Văn phòng	VPP_0940B4D5819CCE69A34E6C75	Bàn chải giặt đồ	ITEM	Cái	8.00	4500	492	source
OFFICE_SUPPORT	Phục vụ Văn phòng	VPP_BAB2882CEAFD557AD99D64E1	Bảng flipchart 1m2x2m	ITEM	Cái	8.00	2300000	387	source
OFFICE_SUPPORT	Phục vụ Văn phòng	VPP_658270257DD625181F883EF7	Băng keo giấy vàng 7mm (40 cuộn/cây)	STICK	Cây	8.00	82000	516	source
OFFICE_SUPPORT	Phục vụ Văn phòng	VPP_A7A1F68933E74B1F6ADAAD0F	Bảng tên có kim cài	ITEM	Cái	8.00	1250	551	source
OFFICE_SUPPORT	Phục vụ Văn phòng	VPP_59C1793A457A8D32D86C5FB5	Bảng tên Enter BT060 xanh dương	ITEM	Cái	8.00	7200	543	source
OFFICE_SUPPORT	Phục vụ Văn phòng	VPP_B770141153D13F18BB5088BE	Bảng Trắng 0.8m x 1.2m thường	ITEM	Cái	8.00	380000	510	source
OFFICE_SUPPORT	Phục vụ Văn phòng	VPP_5AD44CEF13F6D1993DF03076	Bao bì nhựa thân thiện môi trường tashing 90x120 cm, 51mic	KILOGRAM	Kg	8.00	49200	560	source
OFFICE_SUPPORT	Phục vụ Văn phòng	VPP_9A560BF7C6EB9864B1B3B5B4	Bao kiếng 32x42cm có keo	KILOGRAM	Kg	8.00	57000	538	source
OFFICE_SUPPORT	Phục vụ Văn phòng	VPP_5FAB9D564003DB4C4C7E9F07	Bao kiếng 5x8 cm	KILOGRAM	Kg	8.00	57000	534	source
OFFICE_SUPPORT	Phục vụ Văn phòng	VPP_81BF6522990639895625E9BE	Bao PE 0.9x1.2m	KILOGRAM	Kg	8.00	47000	416	source
OFFICE_SUPPORT	Phục vụ Văn phòng	VPP_9F54CE0A91482E066686AF1C	Bao PE 25x35cm	KILOGRAM	Kg	8.00	47000	523	source
OFFICE_SUPPORT	Phục vụ Văn phòng	VPP_E4980DFAE852BDE643E58786	Bao PE 30x40 cm	KILOGRAM	Kg	8.00	47000	522	source
OFFICE_SUPPORT	Phục vụ Văn phòng	VPP_536B016CF5503C41A3205D37	Bao PE 35 x 50cm	KILOGRAM	Kg	8.00	47000	411	source
OFFICE_SUPPORT	Phục vụ Văn phòng	VPP_BB4677E6E6CE6968E099DDD8	Bao PE ( 37 x 47 cm)	KILOGRAM	Kg	8.00	47000	412	source
OFFICE_SUPPORT	Phục vụ Văn phòng	VPP_FED83FE7DF0C4F10EE62CD09	Bao PE 40 x 60cm	KILOGRAM	Kg	8.00	47000	413	source
OFFICE_SUPPORT	Phục vụ Văn phòng	VPP_2741CD49D5F1B055B9C99207	Bao PE 4x7 cm	KILOGRAM	Kg	8.00	47000	518	source
OFFICE_SUPPORT	Phục vụ Văn phòng	VPP_4A8A1058110AE57FD3ED8FE8	Bao PE 50 x 70cm	KILOGRAM	Kg	8.00	47000	417	source
OFFICE_SUPPORT	Phục vụ Văn phòng	VPP_9E8946F2D6E8FFE6CBFE3D6C	Bao PE 60 x 100cm	KILOGRAM	Kg	8.00	47000	414	source
OFFICE_SUPPORT	Phục vụ Văn phòng	VPP_808DF3AEEB5562743B37E385	Bao PE 6x12cm	KILOGRAM	Kg	8.00	47000	511	source
OFFICE_SUPPORT	Phục vụ Văn phòng	VPP_7EF46F1E0E1F40F7D2FBF220	Bao PE 70 x 80cm	KILOGRAM	Kg	8.00	47000	415	source
OFFICE_SUPPORT	Phục vụ Văn phòng	VPP_FAA25B835E05DD29B4F7EF85	Bao PE 8x14 cm	KILOGRAM	Kg	8.00	47000	533	source
OFFICE_SUPPORT	Phục vụ Văn phòng	VPP_3EECFA4A2175BE26CAD1CCDF	Bao PE 9 x 15 cm	KILOGRAM	Kg	8.00	47000	419	source
OFFICE_SUPPORT	Phục vụ Văn phòng	VPP_38EDF9FFE459F411C3EEB72D	Bao PE 9x16 cm	KILOGRAM	Kg	8.00	47000	521	source
OFFICE_SUPPORT	Phục vụ Văn phòng	VPP_1EEAE64ECF917A6A48E78CCE	Bao PE loại 0.5 kg (13x23)cm	KILOGRAM	Kg	8.00	47000	418	source
OFFICE_SUPPORT	Phục vụ Văn phòng	VPP_3CCB77F4FA45DE6C8FC85518	Bao rác lớn	ROLL	Cuộn	8.00	18700	407	source
OFFICE_SUPPORT	Phục vụ Văn phòng	VPP_C1285C2AC013DD1B1C48AF94	Bao rác tiểu	ROLL	Cuộn	8.00	18700	409	source
OFFICE_SUPPORT	Phục vụ Văn phòng	VPP_9743CEC7C70351023EE934C7	Bao rác trung	ROLL	Cuộn	8.00	18700	408	source
OFFICE_SUPPORT	Phục vụ Văn phòng	VPP_EEA0A01E8AE7F19A63E49109	Bao tay cao su dài HQ	PAIR	Đôi	8.00	19900	469	source
OFFICE_SUPPORT	Phục vụ Văn phòng	VPP_588109EB33F556EB7CD7039F	Bao tay cao su HQ - Loại dày L	PAIR	Đôi	8.00	28400	470	source
OFFICE_SUPPORT	Phục vụ Văn phòng	VPP_A062AC94CCF14760A52AC807	Bao Tay len kem 60g	PAIR	Đôi	8.00	6000	508	source
OFFICE_SUPPORT	Phục vụ Văn phòng	VPP_75676C47788B5D23C07478D9	Bao Tay nilong	BOX	Hộp	8.00	18500	507	source
OFFICE_SUPPORT	Phục vụ Văn phòng	VPP_8D6DD165A03CA597ABFC362A	Bao xốp zin đại 60x100	KILOGRAM	Kg	8.00	54000	406	source
OFFICE_SUPPORT	Phục vụ Văn phòng	VPP_29D349D7C0F342CBBDF55ABE	Bao zipper 12x17 cm	KILOGRAM	Kg	8.00	68000	421	source
OFFICE_SUPPORT	Phục vụ Văn phòng	VPP_826BEF247F4CC09F9F2A4EFB	Bao zipper 16x23cm	KILOGRAM	Kg	8.00	68000	532	source
OFFICE_SUPPORT	Phục vụ Văn phòng	VPP_A405DA15E4DC8D727A4D280A	Bao zipper 6x8 cm	KILOGRAM	Kg	8.00	68000	420	source
OFFICE_SUPPORT	Phục vụ Văn phòng	VPP_526D19FC29266148DCE0D2DA	Bật lữa	ITEM	Cái	8.00	5000	488	source
OFFICE_SUPPORT	Phục vụ Văn phòng	VPP_6E87638D461CCCC9E5870699	Bìa còng 5cm/F4 Plus	ITEM	Cái	8.00	62000	557	source
OFFICE_SUPPORT	Phục vụ Văn phòng	VPP_BFF8C42C98205D020644116E	Bìa còng 7cm/F4 Plus	ITEM	Cái	8.00	62000	556	source
OFFICE_SUPPORT	Phục vụ Văn phòng	VPP_388F94CD206B9088205D64C3	Bộ lau nhà vắt xoay - 360	SET	Bộ	8.00	278000	392	source
OFFICE_SUPPORT	Phục vụ Văn phòng	VPP_02DEFCD9EE3BFE6EF5B4BF9A	Bộ vệ sinh máy tính lap top	SET	Bộ	8.00	46000	490	source
OFFICE_SUPPORT	Phục vụ Văn phòng	VPP_A0852A99AB89007C1C8BECD6	Bông cây lau kính	ITEM	Cái	8.00	35000	498	source
OFFICE_SUPPORT	Phục vụ Văn phòng	VPP_C1AC0F23910C2B2EC13CE85D	Bông lau bẹ 80cm	ITEM	Cái	8.00	64000	535	source
OFFICE_SUPPORT	Phục vụ Văn phòng	VPP_983F619CAF6BE35337FFAA87	Bông lau nhà 360	ITEM	Cái	8.00	38000	394	source
OFFICE_SUPPORT	Phục vụ Văn phòng	VPP_7DA3C623332A03A74C859B8D	Bông lau nhà tròn 360	ITEM	Cái	8.00	38000	486	source
OFFICE_SUPPORT	Phục vụ Văn phòng	VPP_5A224A0BE499D7BD571ED1DA	Bông lau nhà vắt Mỹ phong	ITEM	Cái	8.00	52000	485	source
OFFICE_SUPPORT	Phục vụ Văn phòng	VPP_7D8192DA4B77D934867C0A7D	Bột thông cầu	BAG	Bịch	8.00	54500	495	source
OFFICE_SUPPORT	Phục vụ Văn phòng	VPP_331FCF2BAA5836F1FC870434	Bút Chì Bấm 0.7 mm Staedtler 777	STICK	Cây	8.00	42000	517	source
OFFICE_SUPPORT	Phục vụ Văn phòng	VPP_16563C148F194BF31F6FD775	Bút chì khúc	STICK	Cây	8.00	5000	527	source
OFFICE_SUPPORT	Phục vụ Văn phòng	VPP_6D70D3D260004069D75CB3C8	Bút TL095 xanh	STICK	Cây	8.00	8700	553	source
OFFICE_SUPPORT	Phục vụ Văn phòng	VPP_5075725FD8059EC02A0CF6FA	Ca đựng nước Tulip 2L	ITEM	Cái	8.00	28500	514	source
OFFICE_SUPPORT	Phục vụ Văn phòng	VPP_E96706AFF3342BA1BD064F4D	Ca múc nước	ITEM	Cái	8.00	12500	471	source
OFFICE_SUPPORT	Phục vụ Văn phòng	VPP_8880C6E0A17CDA9A4C1A1D2D	Cây bàn chải nhựa lớn có cán (chà sàn)	ITEM	Cái	8.00	24500	491	source
OFFICE_SUPPORT	Phục vụ Văn phòng	VPP_7CC61374A10C62E14A7DF7A1	Cây Cạo Nước	STICK	Cây	8.00	65000	424	source
OFFICE_SUPPORT	Phục vụ Văn phòng	VPP_4B025F1520B74C5185F5F935	Cây chà nhà vệ sinh cán dài 1m	ITEM	Cái	8.00	65000	504	source
OFFICE_SUPPORT	Phục vụ Văn phòng	VPP_B905D49F653909D48D861FBA	Cây gắp rác	ITEM	Cái	8.00	25000	456	source
OFFICE_SUPPORT	Phục vụ Văn phòng	VPP_38F04B4C8B7C1CB693A8A842	Cây hút hầm cầu	STICK	Cây	8.00	65000	496	source
OFFICE_SUPPORT	Phục vụ Văn phòng	VPP_15A0EEAFA966F2331F24CF1B	Cây lăn chặm bụi	ITEM	Cái	8.00	65000	395	source
OFFICE_SUPPORT	Phục vụ Văn phòng	VPP_73FC08CE53520FF10CA2022A	Cây lau kính cán dài đa năng 2 in 1	SET	Bộ	8.00	145000	497	source
OFFICE_SUPPORT	Phục vụ Văn phòng	VPP_41888B540CB249F55C1787F0	Cây Lau Nhà Công Nghiệp 6T	STICK	Cây	8.00	175000	390	source
OFFICE_SUPPORT	Phục vụ Văn phòng	VPP_C797914F867AEEAEE80570D9	Cây lau nhà Muoss	STICK	Cây	8.00	165000	391	source
OFFICE_SUPPORT	Phục vụ Văn phòng	VPP_981A8C008B9AA237A3BD384A	Cây Lau Nhà Thường tròn	STICK	Cây	8.00	55200	388	source
OFFICE_SUPPORT	Phục vụ Văn phòng	VPP_BCBAE570659CABC2C02A417F	Cây Lau Nhà tròn - inox	STICK	Cây	8.00	75000	389	source
OFFICE_SUPPORT	Phục vụ Văn phòng	VPP_697967C70400818A86BE61DC	Cây lau nhà vắt xoay - 360	ITEM	Cái	8.00	121000	393	source
OFFICE_SUPPORT	Phục vụ Văn phòng	VPP_9186AFB9F2CC5E0162755E6F	Cây quét trần nhà 3 in 1	SET	Bộ	8.00	135000	410	source
OFFICE_SUPPORT	Phục vụ Văn phòng	VPP_C2A7B086609B3DDA98308C2B	Chai chống sét RP07	BOTTLE	Chai	8.00	85000	358	source
OFFICE_SUPPORT	Phục vụ Văn phòng	VPP_045CECCCBE6F4B8E040C549D	Chổi chà (chổi dừa quét nước)	STICK	Cây	8.00	28500	403	source
OFFICE_SUPPORT	Phục vụ Văn phòng	VPP_0D2F0C2E5801D03A9E544C8C	Chổi Chà Tốt	STICK	Cây	8.00	28500	398	source
OFFICE_SUPPORT	Phục vụ Văn phòng	VPP_70F5BCD1C4C973F77E4CF1E1	Chổi lông cỏ Cán Cây	STICK	Cây	8.00	30500	399	source
OFFICE_SUPPORT	Phục vụ Văn phòng	VPP_C5E12A5F8171E7A3121F2B2C	Chổi lông cỏ cán cây (ĐB dày)	STICK	Cây	8.00	48500	402	source
OFFICE_SUPPORT	Phục vụ Văn phòng	VPP_1D099F9DD1F9C33274DBA2C8	Chổi lông cỏ cán ngắn	STICK	Cây	8.00	18500	401	source
OFFICE_SUPPORT	Phục vụ Văn phòng	VPP_6F683CBE5BC2FDCC86A7D56C	Chổi lông cỏ cán nhựa	STICK	Cây	8.00	30500	400	source
OFFICE_SUPPORT	Phục vụ Văn phòng	VPP_6D6FDAD5341558685C0D126C	Chổi lông gà	STICK	Cây	8.00	20900	397	source
OFFICE_SUPPORT	Phục vụ Văn phòng	VPP_D461FD4A0E115F99D757287D	Chổi lông gà (loại nilon)	STICK	Cây	8.00	20400	396	source
OFFICE_SUPPORT	Phục vụ Văn phòng	VPP_BBA0D7E630BB0D01B298EFFC	Chổi lông gà quyét trần nhà	STICK	Cây	8.00	70000	434	source
OFFICE_SUPPORT	Phục vụ Văn phòng	VPP_FDD0D65ED79AFEED6D122DFE	Chổi quét nhà - nhựa mềm	STICK	Cây	8.00	52000	405	source
OFFICE_SUPPORT	Phục vụ Văn phòng	VPP_3808FD7E3E86839081CF9187	Chổi quét nước nhựa cứng	STICK	Cây	8.00	65000	423	source
OFFICE_SUPPORT	Phục vụ Văn phòng	VPP_946664F30028CD7D56EAFC17	Chổi quét trần nhà	ITEM	Cái	8.00	70000	422	source
OFFICE_SUPPORT	Phục vụ Văn phòng	VPP_D5F6FF48E993F4A116E48604	Cọ vệ sinh máy vi tính	STICK	Cây	8.00	38000	404	source
OFFICE_SUPPORT	Phục vụ Văn phòng	VPP_1D5070794632C7C1A6DA503A	Cọ vệ sinh - tốt	STICK	Cây	8.00	16500	435	source
OFFICE_SUPPORT	Phục vụ Văn phòng	VPP_A714F5572634A2AAF704A951	Cước kim tuyến	ITEM	Cái	8.00	3400	461	source
OFFICE_SUPPORT	Phục vụ Văn phòng	VPP_67BBAC6D609D9FCA6E3A18C5	Cước xanh nhám lớn (C4)	ITEM	Cái	8.00	4500	459	source
OFFICE_SUPPORT	Phục vụ Văn phòng	VPP_6ABCFFC7F9E022F298DE58BF	Dao rọc giấy Deli cao cấp E2043	STICK	Cây	8.00	62000	520	source
OFFICE_SUPPORT	Phục vụ Văn phòng	VPP_98E3BAA0F85730985EC66A84	Dấu TD T414 58x22mm	ITEM	Cái	8.00	110000	561	source
OFFICE_SUPPORT	Phục vụ Văn phòng	VPP_8659536188CC0C9955D572B3	Dây đeo thẻ lụa xanh dương	ITEM	Cái	8.00	4800	542	source
OFFICE_SUPPORT	Phục vụ Văn phòng	VPP_B0A4F3BBFCFA727FA0F88EA0	Dây dù - trung	BUNDLE	Bó	8.00	105000	381	source
OFFICE_SUPPORT	Phục vụ Văn phòng	VPP_2872CCCFBE88C6D33A0BF235	Dây nilon 3 màu	ROLL	Cuộn	8.00	18000	386	source
OFFICE_SUPPORT	Phục vụ Văn phòng	VPP_B78B4AD18CB707A1129FC2B3	Dây nilon trắng	ROLL	Cuộn	8.00	62000	385	source
OFFICE_SUPPORT	Phục vụ Văn phòng	VPP_4FFF08923C678E3ADD4C2289	Dây rút 20cm	BAG	Bịch	8.00	24000	383	source
OFFICE_SUPPORT	Phục vụ Văn phòng	VPP_EF79B5BCC6CC8B1DE3B1BE8C	Dây rút 30cm	BAG	Bịch	8.00	35000	384	source
OFFICE_SUPPORT	Phục vụ Văn phòng	VPP_A26CE18196F7EAC5E6DD5F65	Dây rút nhỏ	BAG	Bịch	8.00	10500	382	source
OFFICE_SUPPORT	Phục vụ Văn phòng	VPP_8D90176E90336CCC4E7E919B	Dây tag nhựa Trắng 13,5cm	BAG	Bịch	8.00	65000	501	source
OFFICE_SUPPORT	Phục vụ Văn phòng	VPP_A308F65C3217469E0DB06725	Decal đánh lỗi mũi tên A5 (25 xấp/lốc)	MULTIPACK	Lốc	8.00	190000	531	source
OFFICE_SUPPORT	Phục vụ Văn phòng	VPP_68D9AD54D568F7D9396E64C2	Fomex 5mm 60x80 cm	SHEET	Tấm	8.00	45000	515	source
OFFICE_SUPPORT	Phục vụ Văn phòng	VPP_538892EF67C25642F466F6FA	Giấy Fo 80 - A4, cam	REAM	Ram	8.00	175000	554	source
OFFICE_SUPPORT	Phục vụ Văn phòng	VPP_044B605501D64160EAF866DC	Giấy hộp Japani	BOX	Hộp	8.00	23500	489	source
OFFICE_SUPPORT	Phục vụ Văn phòng	VPP_6D053FDB7257126A8F2E56CE	Giấy hộp Pulppy	BOX	Hộp	8.00	23500		inferred_from_giay_hop_japani
OFFICE_SUPPORT	Phục vụ Văn phòng	VPP_FCAFD887359D2ABC41DD6CB2	Giấy vệ sinh	STICK	Cây	8.00	30500	487	source
OFFICE_SUPPORT	Phục vụ Văn phòng	VPP_9709D0EEAA21CBCB08541B2F	Hồ nước Keo lỏng TL G08 (30 ml)	BOX	Hộp	8.00	4500	344	source
OFFICE_SUPPORT	Phục vụ Văn phòng	VPP_5BE06EDB168489517CAA6D08	Hộp Bút Gỗ GM-6004	ITEM	Cái	8.00	75000	512	source
OFFICE_SUPPORT	Phục vụ Văn phòng	VPP_802FA6E3E8DBD0F6D09A0DDB	Hộp bút sắt 3 ngăn	VOLUME	Cuốn	8.00	135000	519	source
OFFICE_SUPPORT	Phục vụ Văn phòng	VPP_D9421650A60BEDFABD40F145	Keo chống tưa vải	BOTTLE	Chai	8.00	270000	503	source
OFFICE_SUPPORT	Phục vụ Văn phòng	VPP_E6465541F4792791880C8C33	Kéo VP lớn K20	STICK	Cây	8.00	27500	528	source
OFFICE_SUPPORT	Phục vụ Văn phòng	VPP_63B2253DBFDF1877BBD2D0FC	Khăn lau kính	ITEM	Cái	8.00	6500	494	source
OFFICE_SUPPORT	Phục vụ Văn phòng	VPP_C4EA1E5F2FFD2CB731B597CB	Khay đựng xà phòng	ITEM	Cái	8.00	18500	446	source
OFFICE_SUPPORT	Phục vụ Văn phòng	VPP_2A28F7115F45F8018F7D9D8F	Khóa dây	SET	Bộ	8.00	115000	473	source
OFFICE_SUPPORT	Phục vụ Văn phòng	VPP_C170DA1DC5FC07B589C08548	Khóa Việt Tiệp 01610	SET	Bộ	8.00	195000	472	source
OFFICE_SUPPORT	Phục vụ Văn phòng	VPP_A397B87618CAC41147538170	Khung bằng khen A4	ITEM	Cái	8.00	38000	547	source
OFFICE_SUPPORT	Phục vụ Văn phòng	VPP_6703608F05496A30A5D21BD4	Kim bấm gỗ 16/6	BOX	Hộp	8.00	20500	506	source
OFFICE_SUPPORT	Phục vụ Văn phòng	VPP_A194C07D82C3319ECB61843F	Kim súng bắn giá (N4-P)	BOX	Hộp	8.00	45000	530	source
OFFICE_SUPPORT	Phục vụ Văn phòng	VPP_1B7F628BAEDEADF10C3FFABB	Ky hốt rác cán dài Ki rác cán dài 70cm	ITEM	Cái	8.00	22000	425	source
OFFICE_SUPPORT	Phục vụ Văn phòng	VPP_D0BA3AFF321CE40701E1924A	Ky hốt rác inox	ITEM	Cái	8.00	85000	427	source
OFFICE_SUPPORT	Phục vụ Văn phòng	VPP_3F0470D1E241E63B66D74647	Ky hốt rác nhỏ	ITEM	Cái	8.00	21000	426	source
OFFICE_SUPPORT	Phục vụ Văn phòng	VPP_881440E404E080752B6FBC66	Lọ Đựng bút sắt	ITEM	Cái	8.00	42000	513	source
OFFICE_SUPPORT	Phục vụ Văn phòng	VPP_A8A247A0BC48894E20A697DA	Long não - lớn	BAG	Bịch	8.00	49000	436	source
OFFICE_SUPPORT	Phục vụ Văn phòng	VPP_585C3FD7E3359990392AADF7	Máy bấm kim gỗ Barker đỏ	ITEM	Cái	8.00	141000	536	source
OFFICE_SUPPORT	Phục vụ Văn phòng	VPP_AE4BB1E64519D9672DEA0BB5	Máy tính CASIO FX580VN X(TL) (A012801)	ITEM	Cái	8.00	645500	552	source
OFFICE_SUPPORT	Phục vụ Văn phòng	VPP_3B89BB8DE55E86B3C8B9DB89	Menu mica A4 đứng, để bàn	ITEM	Cái	8.00	48000	529	source
OFFICE_SUPPORT	Phục vụ Văn phòng	VPP_2777BC38E63E5DC3B9413621	Miếng Cước - sắt	ITEM	Cái	8.00	4900	460	source
OFFICE_SUPPORT	Phục vụ Văn phòng	VPP_2E58A029C83C3164FF6DECE0	Mực đóng dấu chuyên dụng SI-63- Đỏ	BOTTLE	Chai	8.00	85000	558	source
OFFICE_SUPPORT	Phục vụ Văn phòng	VPP_0FEEC200D064B347D0C0DE3D	Mực đóng dấu chuyên dụng SI-63- Xanh	BOTTLE	Chai	8.00	85000	559	source
OFFICE_SUPPORT	Phục vụ Văn phòng	VPP_76BD498E14C8287EA54507F2	Mực đóng dấu Shiny - đen	BOX	Hộp	8.00	39500	354	source
OFFICE_SUPPORT	Phục vụ Văn phòng	VPP_D6A9098D71BEA30D06FEBA85	Mực đóng dấu Shiny - đỏ	BOX	Hộp	8.00	39500	352	source
OFFICE_SUPPORT	Phục vụ Văn phòng	VPP_2F1AA17A8362A7EDAF6F3140	Mực đóng dấu Shiny - xanh	BOX	Hộp	8.00	39500	353	source
OFFICE_SUPPORT	Phục vụ Văn phòng	VPP_7E466E4747D82DA0DD92F287	Mực Lông Bảng TL 25ml - đỏ	BOX	Hộp	8.00	18900	348;509	duplicate_first_source_row
OFFICE_SUPPORT	Phục vụ Văn phòng	VPP_E34A67D441F13FF6A8D4B37F	Mực Lông Bảng TL 25ml - xanh	BOX	Hộp	8.00	18900	347	source
OFFICE_SUPPORT	Phục vụ Văn phòng	VPP_77F5809AB7E30DDEF4E96795	Mực lông dầu - đen	BOX	Hộp	8.00	15000	350	source
OFFICE_SUPPORT	Phục vụ Văn phòng	VPP_322CFB4A487EA26B992AA0FE	Mực lông dầu - đỏ	BOX	Hộp	8.00	15000	351	source
OFFICE_SUPPORT	Phục vụ Văn phòng	VPP_6A5D47BB91281275D6D59983	Mực lông dầu - xanh	BOX	Hộp	8.00	15000	349	source
OFFICE_SUPPORT	Phục vụ Văn phòng	VPP_692E8E8DA3B3F963D6DDFE77	Nuớc lau kiếng Gift - 520ml	BOTTLE	Chai	8.00	25300	433	source
OFFICE_SUPPORT	Phục vụ Văn phòng	VPP_54ECB6884D3133993899B8A7	Nước lau kính Happy price 5L	CANISTER	Can	8.00	115000	502	source
OFFICE_SUPPORT	Phục vụ Văn phòng	VPP_DA1F11D5D9B3FE352E7EBC74	Nước lau sàn Gift 1L	BOTTLE	Chai	8.00	28500	432	source
OFFICE_SUPPORT	Phục vụ Văn phòng	VPP_1675C18F9C2381128298E62B	Nước lau sàn Sunlight 1L	BOTTLE	Chai	8.00	29900	430	source
OFFICE_SUPPORT	Phục vụ Văn phòng	VPP_F2B06FA02ACA31A7B3E229DB	Nước lau sàn Sunlight 3.5kg	CANISTER	Can	8.00	99500	431	source
OFFICE_SUPPORT	Phục vụ Văn phòng	VPP_2452F1E251F780280182D8B6	Nước lau tay Lifebuoy 180g	BOTTLE	Chai	8.00	35200	480	source
OFFICE_SUPPORT	Phục vụ Văn phòng	VPP_ADF2D12B309C679948E933A2	Nước lau tay Lifebuoy 450g	BOTTLE	Chai	8.00	67800	479	source
OFFICE_SUPPORT	Phục vụ Văn phòng	VPP_3367C3E5D2D4BE9214273249	Nước lau tay lightbuoy 180g	BOTTLE	Chai	8.00	35200	457	source
OFFICE_SUPPORT	Phục vụ Văn phòng	VPP_B956220D3FA98181302E57C1	Nước lau tay PAX (hương táo, đào)	BOTTLE	Chai	8.00	55000	477	source
OFFICE_SUPPORT	Phục vụ Văn phòng	VPP_993E8FAD77796DC34A9EBF5C	Nước rửa chén Sunlight - 3.5kg	CANISTER	Can	8.00	112200	429	source
OFFICE_SUPPORT	Phục vụ Văn phòng	VPP_DFCC3AE89E86E9177F2FB72F	Nước rửa chén Sunlight 750g	BOTTLE	Chai	8.00	27200	428	source
OFFICE_SUPPORT	Phục vụ Văn phòng	VPP_280D87F85C0E4DF12018BDF7	Nước rửa chén Sunlight hương thiên nhiên 3.5kg	CANISTER	Can	8.00	124800	545	source
OFFICE_SUPPORT	Phục vụ Văn phòng	VPP_C197107312001303740D4B7A	Nước rửa chén Sunlight hương thiên nhiên 750g	BOTTLE	Chai	8.00	33100	544	source
OFFICE_SUPPORT	Phục vụ Văn phòng	VPP_BB71DB462583AD2E07C68C2E	Nước rửa tay Lifebuoy 4kg	CANISTER	Can	8.00	298000	478	source
OFFICE_SUPPORT	Phục vụ Văn phòng	VPP_2C6E897B5BE81115539F72A5	Nước suối lavie 350ml	CARTON	Thùng	8.00	82000	346	source
OFFICE_SUPPORT	Phục vụ Văn phòng	VPP_490841362A37A90E7BAC368D	Nước suối LAVIE 500ml	CARTON	Thùng	8.00	82000	493	source
OFFICE_SUPPORT	Phục vụ Văn phòng	VPP_E0D3273AAB9309A93D9022B3	Nước tẩy quần áo Javel 1L	BOTTLE	Chai	8.00	22500	441	source
OFFICE_SUPPORT	Phục vụ Văn phòng	VPP_FB2A3D94DEF4693789B67B79	Nước tẩy Sprayway	BOTTLE	Chai	8.00	220000	440	source
OFFICE_SUPPORT	Phục vụ Văn phòng	VPP_FD89FC1A92B93720EA31F213	Nước tẩy sumo	BOTTLE	Chai	8.00	45000	439	source
OFFICE_SUPPORT	Phục vụ Văn phòng	VPP_FD34E17790FDEEA9205B15DF	Nước tẩy Vim 500ml	BOTTLE	Chai	8.00	27500	438	source
OFFICE_SUPPORT	Phục vụ Văn phòng	VPP_636DCE6D4BE34B8A415894E4	Nước tẩy vịt Duck 1L tím	BOTTLE	Chai	8.00	42500	437	source
OFFICE_SUPPORT	Phục vụ Văn phòng	VPP_6A8C9F20861D511B95BB3FE4	Nước xả vaỉ comfort 1L6	BAG	Bịch	8.00	145000	500	source
OFFICE_SUPPORT	Phục vụ Văn phòng	VPP_76C323160840B8ADD0A75A75	Ổ cắm điện	ITEM	Cái	8.00	195000	474	source
OFFICE_SUPPORT	Phục vụ Văn phòng	VPP_DCE9C79306F0C3889C774921	Ổ điện 3 lỗ	ITEM	Cái	8.00	195000	475	source
OFFICE_SUPPORT	Phục vụ Văn phòng	VPP_0DE8EFF9C0013E2A6BD9B255	Ổ điện 6 lỗ	ITEM	Cái	8.00	195000	476	source
OFFICE_SUPPORT	Phục vụ Văn phòng	VPP_27B976A5A4FAD813C0CF227B	Pin Camelion A23	TABLET	Viên	8.00	14800	373	source
OFFICE_SUPPORT	Phục vụ Văn phòng	VPP_25F849120F755EFF32B39863	Pin chuông A23-12V Camelion vỉ/5v	BLISTER	Vỉ	8.00	66000	364	source
OFFICE_SUPPORT	Phục vụ Văn phòng	VPP_E166836EF42CFC393BA0AE77	Pin cmos CR1220 - 3V	TABLET	Viên	8.00	8500	371	source
OFFICE_SUPPORT	Phục vụ Văn phòng	VPP_AE98967676C2937767DCB55E	Pin cmos CR2025 Maxcell/ panasonic/Toshiba	TABLET	Viên	8.00	28000	369	source
OFFICE_SUPPORT	Phục vụ Văn phòng	VPP_524C1DDE8D63041DDB243E31	Pin cmos CR2032 Maxcell/ panasonic/Toshiba	TABLET	Viên	8.00	35000	370	source
OFFICE_SUPPORT	Phục vụ Văn phòng	VPP_AC1928A93B74EC9FA7126327	Pin cmos loại cúc áo AG10	TABLET	Viên	8.00	5500	372	source
OFFICE_SUPPORT	Phục vụ Văn phòng	VPP_A07278EC5DA6C45CCD3FEF85	Pin cmos loại dày LR927	BLISTER	Vỉ	8.00	36000	368	source
OFFICE_SUPPORT	Phục vụ Văn phòng	VPP_BBBD4DC7AA5B255AB4BD7D51	Pin đồng hồ 2A Maxell	TABLET	Viên	8.00	2920	360	source
OFFICE_SUPPORT	Phục vụ Văn phòng	VPP_AA3F6290BF5C5DE5C7A147E4	Pin đồng hồ 3A Maxell	TABLET	Viên	8.00	2920	361	source
OFFICE_SUPPORT	Phục vụ Văn phòng	VPP_B50F2B25582F9B4C295B4D88	Pin đồng hồ Pin 2A Energizer	BLISTER	Vỉ	8.00	29500	362	source
OFFICE_SUPPORT	Phục vụ Văn phòng	VPP_E5491A02330B5C26E4552961	Pin đồng hồ Pin 3A Energizer	BLISTER	Vỉ	8.00	29500	363	source
OFFICE_SUPPORT	Phục vụ Văn phòng	VPP_C1EAEC188F112C5B6977FA8C	Pin nút áo AG13	TABLET	Viên	8.00	5500	365	source
OFFICE_SUPPORT	Phục vụ Văn phòng	VPP_EF3EFC6A09B645A7EC458AB1	Pin Panasonic 3400 MAH	TABLET	Viên	8.00	112000	376	source
OFFICE_SUPPORT	Phục vụ Văn phòng	VPP_4F20C4261D4A6EAE40C171A4	Pin Panasonic 4200 MAH	TABLET	Viên	8.00	138500	375	source
OFFICE_SUPPORT	Phục vụ Văn phòng	VPP_D63D923FB2AB6BB00B3A2EA4	Pin Panasonic LR6AA	TABLET	Viên	8.00	36500	374	source
OFFICE_SUPPORT	Phục vụ Văn phòng	VPP_E451F639E5553EB7B12221D1	Pin sạc 2A	PAIR_PACK	Cặp	8.00	365000	366	source
OFFICE_SUPPORT	Phục vụ Văn phòng	VPP_CF3537764198A23C4853293C	Pin Trung C R14UT/2S Panasonic/Toshiba	TABLET	Viên	8.00	24000	367	source
OFFICE_SUPPORT	Phục vụ Văn phòng	VPP_482A2FFA0EDBC13FFB5DEC14	Pin Vuông 9V Golite/Toshiba/Panasonic	TABLET	Viên	8.00	12500	359	source
OFFICE_SUPPORT	Phục vụ Văn phòng	VPP_1E7CD9098221B0A3272C32D6	Ruột bút bi Ceo 2221 1.0mm	ITEM	Cái	8.00	28000	540	source
OFFICE_SUPPORT	Phục vụ Văn phòng	VPP_5E94D709AE57FEF8CDAE4243	Ruột bút lông bi Ceo 0.5mm	ITEM	Cái	8.00	32000	541	source
OFFICE_SUPPORT	Phục vụ Văn phòng	VPP_38DC9C4D275744539465C0F7	Sáp đếm tiền	BOX	Hộp	8.00	4500	505	source
OFFICE_SUPPORT	Phục vụ Văn phòng	VPP_4E0F52CA0CDD47D9931650B0	Sáp thơm hương lài	BOX	Hộp	8.00	47200	468	source
OFFICE_SUPPORT	Phục vụ Văn phòng	VPP_84C938A72937B18E7B3F6513	Sổ card A5 - 240 lá	VOLUME	Cuốn	8.00	47200	555	source
OFFICE_SUPPORT	Phục vụ Văn phòng	VPP_5DB170D0EAC19B9F7A351F09	Sóng hở 1T5	ITEM	Cái	8.00	64000	548	source
OFFICE_SUPPORT	Phục vụ Văn phòng	VPP_7B91C8E482A7BE675D385098	Sóng hở 1T9	ITEM	Cái	8.00	83000	546	source
OFFICE_SUPPORT	Phục vụ Văn phòng	VPP_7B4A0E6FC98C2073AEA1AE8B	Sọt rác bầu đại	ITEM	Cái	8.00	145000	442	source
OFFICE_SUPPORT	Phục vụ Văn phòng	VPP_6C8FB87904DF981A7C02F218	Sọt rác Đại	ITEM	Cái	8.00	66000	443	source
OFFICE_SUPPORT	Phục vụ Văn phòng	VPP_98D89B8E220D2157F1F181DE	Sọt rác Tiểu	ITEM	Cái	8.00	32000	445	source
OFFICE_SUPPORT	Phục vụ Văn phòng	VPP_DEDD04BBE05E19AD3BA7794C	Sọt rác Trung Fataco	ITEM	Cái	8.00	45000	444	source
OFFICE_SUPPORT	Phục vụ Văn phòng	VPP_4FCB6B3908832A3EAAAF3187	Tăm bông S-542 (đỏ)	ITEM	Cái	8.00	75000	539	source
OFFICE_SUPPORT	Phục vụ Văn phòng	VPP_2BDE69D4A11C155612329882	Tăm bông S-843	ITEM	Cái	8.00	60000	537	source
OFFICE_SUPPORT	Phục vụ Văn phòng	VPP_1D7863F8001C500420AD8EA2	Tampon Con dấu S538 - Đỏ	ITEM	Cái	8.00	95000	526	source
OFFICE_SUPPORT	Phục vụ Văn phòng	VPP_5A54A61F9431D770AE001E55	Tampon Con dấu S829 - Đỏ	ITEM	Cái	8.00	125000	525	source
OFFICE_SUPPORT	Phục vụ Văn phòng	VPP_71B3FD0ED0189E4ADF67BC62	Tampon dấu tên	ITEM	Cái	8.00	49500	356	source
OFFICE_SUPPORT	Phục vụ Văn phòng	VPP_31C511EB0143388117789171	Tampon Horse - Xanh	BOX	Hộp	8.00	58000	355	source
OFFICE_SUPPORT	Phục vụ Văn phòng	VPP_6CB82126D7E0463B38824CE0	Tampon Shiny - No 1, có mực	BOX	Hộp	8.00	54000	357	source
OFFICE_SUPPORT	Phục vụ Văn phòng	VPP_068B31858751F8E6C78D1E76	Thảm lau chân lớn	SHEET	Tấm	8.00	390000	481	source
OFFICE_SUPPORT	Phục vụ Văn phòng	VPP_DDE80D716634560453AE7186	Thảm lau chân vải sợi mềm	SHEET	Tấm	8.00	80000	482	source
OFFICE_SUPPORT	Phục vụ Văn phòng	VPP_1D965CF4B9EC0BC329915212	Thảm lau chân vải thun	SHEET	Tấm	8.00	38000	484	source
OFFICE_SUPPORT	Phục vụ Văn phòng	VPP_2CC543C61C29E4614EC8AC50	Thảm welcom nhựa 40cm x 60cm	SHEET	Tấm	8.00	80000	483	source
OFFICE_SUPPORT	Phục vụ Văn phòng	VPP_4CBF50B4B2C74A849C43E5D6	Thảm welcome 60x90cm	SHEET	Tấm	8.00	135000	550	source
OFFICE_SUPPORT	Phục vụ Văn phòng	VPP_D307BE7C9889364B4A40B62D	Thảm welcome 90x120cm	SHEET	Tấm	8.00	390000	549	source
OFFICE_SUPPORT	Phục vụ Văn phòng	VPP_BBEE7E7EBBA7BF0008F36232	Thun (màu trắng) Dây Thun XK L1	BAG	Bịch	8.00	58000	380	source
OFFICE_SUPPORT	Phục vụ Văn phòng	VPP_568D697270F69640A71B5ACE	Thun (màu vàng) cỡ lớn	BAG	Bịch	8.00	48500	377	source
OFFICE_SUPPORT	Phục vụ Văn phòng	VPP_A76064F9BAC853F6101638ED	Thun (màu vàng) cỡ tiểu	BAG	Bịch	8.00	48500	379	source
OFFICE_SUPPORT	Phục vụ Văn phòng	VPP_C39942011CEDB9FB35E04388	Thun (màu vàng) cỡ trung	BAG	Bịch	8.00	48500	378	source
OFFICE_SUPPORT	Phục vụ Văn phòng	VPP_DD0E5701246BBD568FA26148	Thùng rác đại công nghiệp	ITEM	Cái	8.00	950000	447	source
OFFICE_SUPPORT	Phục vụ Văn phòng	VPP_9BE40591A082A39AEC2C0F28	Thùng rác trung công nghiệp	ITEM	Cái	8.00	750000	448	source
OFFICE_SUPPORT	Phục vụ Văn phòng	VPP_42C623506E537D9B6E6460FD	Thùng rác vệ sinh lớn (Xám/ Nâu)	ITEM	Cái	8.00	245000	451	source
OFFICE_SUPPORT	Phục vụ Văn phòng	VPP_B8126DE3FD01B6ECF258B6D7	Thùng rác vệ sinh tiểu	ITEM	Cái	8.00	80000	449	source
OFFICE_SUPPORT	Phục vụ Văn phòng	VPP_BCABC627AFF574F1E01D1650	Thùng rác vệ sinh trung	ITEM	Cái	8.00	155000	450	source
OFFICE_SUPPORT	Phục vụ Văn phòng	VPP_A5EB7848A5F352DDBEFE22E8	Tủ y tế	ITEM	Cái	8.00	450000		inferred_missing_price
OFFICE_SUPPORT	Phục vụ Văn phòng	VPP_7ACB4FE8F8B2F962F9A43170	Túi hột xoài PE 40x60 Đen	KILOGRAM	Kg	8.00	59000	524	source
OFFICE_SUPPORT	Phục vụ Văn phòng	VPP_1123814B569D2E6C8090C9B6	Ủng cao su	PAIR	Đôi	8.00	65000	499	source
OFFICE_SUPPORT	Phục vụ Văn phòng	VPP_08962588E0B8BD56C4AC5EA7	Xà bông Lifebuoy (90g)	BLOCK	Cục	8.00	13500	458	source
OFFICE_SUPPORT	Phục vụ Văn phòng	VPP_704C22D217532169FC57318A	Xà bông omo bột 2.9KG	PACK	Gói	8.00	151000	455	source
OFFICE_SUPPORT	Phục vụ Văn phòng	VPP_C1B702BB073DF7550DC827E3	Xà bông omo bột 770g	PACK	Gói	8.00	39500	454	source
OFFICE_SUPPORT	Phục vụ Văn phòng	VPP_DC523FCC91EE27D0B478E6F5	Xà bông Surf hoa hạ 400g	PACK	Gói	8.00	19200	452	source
OFFICE_SUPPORT	Phục vụ Văn phòng	VPP_D0F5AC7A3718B4BF1F4D7DD3	Xà bông Surf hoa hạ 800g	PACK	Gói	8.00	27200	453	source
OFFICE_SUPPORT	Phục vụ Văn phòng	VPP_520C20FE8281CB6D04C78047	Xịt muỗi Raid max 600 ml	BOTTLE	Chai	8.00	65700	465	source
OFFICE_SUPPORT	Phục vụ Văn phòng	VPP_4AE8D6BC8A0D624966E63722	Xịt phòng Glade 280ml	BOTTLE	Chai	8.00	59200	467	source
OFFICE_SUPPORT	Phục vụ Văn phòng	VPP_33C550ECB420BB86D7979B2B	Xịt phòng Hương lài 280 ml	BOTTLE	Chai	8.00	44200	466	source
OFFICE_SUPPORT	Phục vụ Văn phòng	VPP_C7D121A86D9B2B2C1B759DC8	Xô đựng nước - 8 lít	ITEM	Cái	8.00	18000	462	source
OFFICE_SUPPORT	Phục vụ Văn phòng	VPP_E7E6149930D269BC371680DE	Xô đựng nước lớn - 12 lít	ITEM	Cái	8.00	39000	463	source
OFFICE_SUPPORT	Phục vụ Văn phòng	VPP_2E1C030B483A34C91B58C9B6	Xô đựng nước lớn - 16 lít	ITEM	Cái	8.00	52000	464	source
OTHER	Khác	VPP_7823BC361D06839E0A9F8588	Bảng Tên cứng đứng lớn	ITEM	Cái	8.00	2400	328	source
OTHER	Khác	VPP_F422D1BC1ACB3FD008FB431F	Bảng Tên Dẻo đứng	ITEM	Cái	8.00	1100	327	source
OTHER	Khác	VPP_D292D25A56890E98D0D02ABF	Bảng Tên Dẻo Ngang	ITEM	Cái	8.00	1100	325	source
OTHER	Khác	VPP_ED8E910073B958A0F403AA47	Bảng Tên Dẻo Ngang Lớn	ITEM	Cái	8.00	1900	326	source
OTHER	Khác	VPP_C0C56DD228F442B4D39D8CCC	Bao PE 10x15cm	ITEM	Cái	8.00	47000	303	source
OTHER	Khác	VPP_1F128F6A4E98CD8C6210DC91	Bao PE 15x25cm	KILOGRAM	Kg	8.00	47000	294	source
OTHER	Khác	VPP_5161BBEB5E1EE0D8EEA04321	Bao PE 20x35cm không quai	KILOGRAM	Kg	8.00	47000	295	source
OTHER	Khác	VPP_69068E979D557ADEABF19810	Bao PE 40x50cm không quai	KILOGRAM	Kg	8.00	47000	296	source
OTHER	Khác	VPP_3D31BCF2A549C06B726BE2BC	Bao PE 45x60cm không quai	KILOGRAM	Kg	8.00	47000	297	source
OTHER	Khác	VPP_BBBCA4276156A7826127FF70	Bao thư 12x22 F80 CK - có keo	ITEM	Cái	8.00	520	292	source
OTHER	Khác	VPP_A84831946E782B64D4D001D2	Bao thư trắng A3	ITEM	Cái	8.00	3800	291	source
OTHER	Khác	VPP_6584B40881F03D8C813B2D72	Bao thư trắng A4	ITEM	Cái	8.00	1450	287	source
OTHER	Khác	VPP_E1359D67A50137B334D8A684	Bao thư trắng A4 (Có keo 2 mặt)	ITEM	Cái	8.00	1800	289	source
OTHER	Khác	VPP_A618327B920C8E4469F3DB6D	Bao thư Trắng A5 không cửa sổ	ITEM	Cái	8.00	950	293	source
OTHER	Khác	VPP_C0182102613D18539CF53DC3	Bao thư Vàng A4	ITEM	Cái	8.00	1750	288	source
OTHER	Khác	VPP_A47117E53E8DE303B65E8B30	Bao thư vàng F4	ITEM	Cái	8.00	2200	290	source
OTHER	Khác	VPP_9B79C5AE6B1D57EBDE00D4B3	bao xốp 2kg có quai	KILOGRAM	Kg	8.00	49000	298	source
OTHER	Khác	VPP_C6D60EABEDB1C59FC5400FC7	bao xốp 50 có quai	KILOGRAM	Kg	8.00	49000	299	source
OTHER	Khác	VPP_C28C88BC49FCABD7912C2B32	bao xốp 60x40 có quai	KILOGRAM	Kg	8.00	49000	300	source
OTHER	Khác	VPP_FB1E1BFF9D357F27BC372E36	Bao zipper 14x10	KILOGRAM	Kg	8.00	68000	301	source
OTHER	Khác	VPP_FE45845BBD3C5EA61323FD99	Bao zipper đựng mẫu 5*8cm	KILOGRAM	Kg	8.00	68000	302	source
OTHER	Khác	VPP_2378835A8E5892DA7408BBB8	Cọ vệ sinh bàn phím Chổi Vt	ITEM	Cái	8.00	38000	329	source
OTHER	Khác	VPP_B76840E36D827C6ABCCAAF7D	Đạn nhựa 0.7 cm - 5.000 cái/hộp	BOX	Hộp	8.00	75000	333	source
OTHER	Khác	VPP_5EAE8BFB88D4F04BE8292101	Đạn nhựa 10 cm - 5.000 cái/ hộp	BOX	Hộp	8.00	90000	330	source
OTHER	Khác	VPP_9512CBA84D4E8BBBC1D68B1A	Đạn nhựa 5 cm - 5.000 cái/ hộp	BOX	Hộp	8.00	70000	331	source
OTHER	Khác	VPP_5AB888C81E12AB282BBC471E	Đạn nhựa 7.5 cm - 5.000 cái/hộp	BOX	Hộp	8.00	70000	332	source
OTHER	Khác	VPP_E6850E34B7F644A850302C0A	Dây Đeo Nút Xoay Inox Xanh Dương	STRAND	Sợi	8.00	2850	324	source
OTHER	Khác	VPP_E19E627064D9F9465B7BCF0D	Dây đeo thẻ lụa hồng	STRAND	Sợi	8.00	2900	322	source
OTHER	Khác	VPP_46D3A49BCA81EEF6CDBB8422	Dây đeo thẻ lụa vàng	STRAND	Sợi	8.00	2900	323	source
OTHER	Khác	VPP_83E32B54BCB7D313E98EFD5A	Dây nhựa xỏ vòng Đen	BOX	Hộp	8.00	90000	336	source
OTHER	Khác	VPP_F6839896D74836B75BAB840A	Dây nhựa xỏ vòng Trắng	BOX	Hộp	8.00	80000	335	source
OTHER	Khác	VPP_75A7DA6F764F4FF67BF88326	Dụng cụ ghim nhãn Súng bắn ti KHL-8S - Ti tiêu chuẩn (Đen)	ITEM	Cái	8.00	85000	339	source
OTHER	Khác	VPP_8FCF6EE882D1BCFE2AE23D5A	Dụng cụ ghim nhãn Súng bắn ti VP Tool F(Đỏ) - Ti Nhuyễn	STICK	Cây	8.00	150000	337	source
OTHER	Khác	VPP_2A402D6E5459B3188E0B6D82	Dụng cụ ghim nhãn Súng bắn ti VP Tool S (xanh dương) - Ti tiêu chuẩn	STICK	Cây	8.00	150000	338	source
OTHER	Khác	VPP_502DC7BA8ED50BDD31CAA291	Dụng cụ gỡ chỉ	ITEM	Cái	8.00	6500	319	source
OTHER	Khác	VPP_7D250C1FBE3103C38C58497E	Gôm Paber pentel Z5	BLOCK	Cục	8.00	4400	307	source
OTHER	Khác	VPP_C1D34AB5F87F89A871AC54FA	Hộp bút xoay TTM 3006	ITEM	Cái	8.00	45000	317	source
OTHER	Khác	VPP_57D3AD792D3B3721338CE610	Hộp bút xoay Xukiva - 174	ITEM	Cái	8.00	45000		inferred_from_hop_but_xoay_ttm_3006
OTHER	Khác	VPP_B1927583A9ECB8C703798C54	Kệ HS mica 3 tầng trụ	ITEM	Cái	8.00	198000	311	source
OTHER	Khác	VPP_4BDD62C632862AF38A8DA267	Kệ HS nhựa 3 tầng, thanh trụ	ITEM	Cái	8.00	98000	306	source
OTHER	Khác	VPP_330177FAA09AFD60AB9CB0C7	Kẹp bảng tên sắt	ITEM	Cái	8.00	1500	321	source
OTHER	Khác	VPP_3A84DA4B02A7BA49F99108C4	Kim ghim khoanh	BLISTER	Vỉ	8.00	22000	320	source
OTHER	Khác	VPP_6288F59F6E4539B5E54FEC77	Kim ghim nhãn KHL N4-P - Ti tiêu chuẩn nhựa	BOX	Hộp	8.00	45000	341	source
OTHER	Khác	VPP_FFFB049DEC69876BA1F7BC9D	Kim ghim nhãn N4-F Saga - Ti nhuyễn sắt	BOX	Hộp	8.00	85000	340	source
OTHER	Khác	VPP_EF5AD19BF34DF19A58F9CDF1	Lưỡi dao lam	BOX	Hộp	8.00	15000	342	source
OTHER	Khác	VPP_B5EC4EDA74642ECA94407B63	Lưỡi dao rọc giấy lớn UNI xanh	BLISTER	Vỉ	8.00	23600	308	source
OTHER	Khác	VPP_B97016D5C63AE43B47541BE6	Lưỡi dao rọc giấy SDI 1403 - nhỏ. 9mm	BLISTER	Vỉ	8.00	9100	310	source
OTHER	Khác	VPP_636B3754AADA6A45ED850591	Lưỡi dao rọc giấy SDI 1404 - lớn. 18mm	BLISTER	Vỉ	8.00	12700	309	source
OTHER	Khác	VPP_A6D2FEC76EF323280CB5B5B5	Phấn may bay con gấu	BOX	Hộp	8.00	85000	312	source
OTHER	Khác	VPP_0D92F47557859B0F66544AA8	Phấn trắng Mic không bụi - 10 viên/hộp	BOX	Hộp	8.00	12000	313	source
OTHER	Khác	VPP_34FB30B757B8D81F11436B23	Phấn trắng Mic không bụi - 100 viên/hộp	BOX	Hộp	8.00	49000	314	source
OTHER	Khác	VPP_7000A73AB8C5E3B10FCA9F62	Phiếu NK Trung 18x20 3L	VOLUME	Cuốn	8.00	29000	315	source
OTHER	Khác	VPP_34A0F6C9589A524AFD58C9FE	Phiếu XK Trung 18x20 3L	VOLUME	Cuốn	8.00	29000	316	source
OTHER	Khác	VPP_6455C9867B3041E8E98BA8A6	Rổ 3 ngăn liên hoàn	ITEM	Cái	8.00	44000	304	source
OTHER	Khác	VPP_5E486296B2A1A4C1670C9C08	Rổ đựng HS	ITEM	Cái	8.00	13500	305	source
PAPER	Giấy in các loại	VPP_6A474554FA1892BB8C76799B	Bàn cắt giấy A3	ITEM	Cái	8.00	275000	285	source
PAPER	Giấy in các loại	VPP_78FE5D6E6AC05FE85455F614	Giấy A0 Trắng	LEAF	Tờ	8.00	3650	256	source
PAPER	Giấy in các loại	VPP_E1B1EF5632E8C6B2151278B4	Giấy A1 Trắng	LEAF	Tờ	8.00	1890	240	source
PAPER	Giấy in các loại	VPP_C9688B03D19FBF90A74484B3	Giấy A3 80gsm Excel Indo	REAM	Ram	8.00	126000	276	source
PAPER	Giấy in các loại	VPP_00F146CF554F30BB71CF8BA9	Giấy A4 trắng 70 Excell	REAM	Ram	8.00	55000	238	source
PAPER	Giấy in các loại	VPP_9C3F67284F34AB3F87B61AE3	Giấy A4 trắng 80 Excell	REAM	Ram	8.00	62500	237	source
PAPER	Giấy in các loại	VPP_3E1CF5FE8FE895C01C6F1EFD	Giấy A5 trắng 80 Excell	REAM	Ram	8.00	31900	239	source
PAPER	Giấy in các loại	VPP_26FD4062A3DD797C1C036BA4	Giấy bìa cứng trắng A4	STACK	Xấp	8.00	43500	267	source
PAPER	Giấy in các loại	VPP_C72EB6726F8658203E771A91	Giấy bìa dầy - A3, x.dương	STACK	Xấp	8.00	87000	273	source
PAPER	Giấy in các loại	VPP_5ED136018C5600AD92077AFB	Giấy bìa dày - A4 250gam	STACK	Xấp	8.00	68500	266	source
PAPER	Giấy in các loại	VPP_E04EB6F6162486442810621D	Giấy bìa dầy - A4, hồng	STACK	Xấp	8.00	43500	270	source
PAPER	Giấy in các loại	VPP_93951C15077286C47CD4B2B2	Giấy bìa dầy - A4, trắng	STACK	Xấp	8.00	43500	269	source
PAPER	Giấy in các loại	VPP_038676809671414D098944C9	Giấy bìa dầy - A4, vàng	STACK	Xấp	8.00	43500	272	source
PAPER	Giấy in các loại	VPP_3297817533CCD74F574DB421	Giấy bìa dầy - A4, x.dương	STACK	Xấp	8.00	43500	268	source
PAPER	Giấy in các loại	VPP_15D6307A6AB0EB321AE6AA2A	Giấy bìa dầy - A4, xanh lá	STACK	Xấp	8.00	43500	271	source
PAPER	Giấy in các loại	VPP_0F05A8140A0628013EB46DCD	Giấy Decal A4 da bò	LEAF	Tờ	8.00	830	255	source
PAPER	Giấy in các loại	VPP_36E91891052EAEEB344CAFC9	Giấy Decal A4 đế vàng	LEAF	Tờ	8.00	820	254	source
PAPER	Giấy in các loại	VPP_D488F44A280BB56B0AB8BD81	Giấy Decal A4 đế XANH	LEAF	Tờ	8.00	780	253	source
PAPER	Giấy in các loại	VPP_1359F6127CF47A1A553CED2C	Giấy Decal Tomy - 100	STACK	Xấp	8.00	14000	257	source
PAPER	Giấy in các loại	VPP_804173F4A6D9304860CD33B3	Giấy ép nhựa 80 Mic A3	STACK	Xấp	8.00	180000	278	source
PAPER	Giấy in các loại	VPP_AC3CEA66BA9F95DD2972F065	Giấy ép nhựa A4 80 mic	STACK	Xấp	8.00	90000	277	source
PAPER	Giấy in các loại	VPP_A7AC160220ACB3E74A217744	Giấy Fo 70 - A4, hồng	REAM	Ram	8.00	63000	262	source
PAPER	Giấy in các loại	VPP_B2E50828F544CB839826D883	Giay Fo 70 - A4 vàng	REAM	Ram	8.00	63000	263	source
PAPER	Giấy in các loại	VPP_F81817980242FD83973F59EE	Giấy Fo 70 - A4, xanh dương	REAM	Ram	8.00	63000	265	source
PAPER	Giấy in các loại	VPP_FF8E5EF27DD946B1DD2ABEEF	Giay Fo 70 - A4 xanh lá	REAM	Ram	8.00	63000	264	source
PAPER	Giấy in các loại	VPP_770AC9E281B5299841AF3C6D	Giấy Fo 80 - A4, hồng	REAM	Ram	8.00	71000	259	source
PAPER	Giấy in các loại	VPP_EAED637891EEE24BB6C4F10D	Giấy Fo 80 - A4, vàng	REAM	Ram	8.00	71000	260	source
PAPER	Giấy in các loại	VPP_308702AF09418B3148686C4D	Giấy Fo 80 - A4, x.dương	REAM	Ram	8.00	71000	258	source
PAPER	Giấy in các loại	VPP_D1AD40983BE825A49BA15224	Giấy Fo 80 - A4, x.lá	REAM	Ram	8.00	71000	261	source
PAPER	Giấy in các loại	VPP_984557EA9907318DCC82121C	Giấy in 1 liên chia đôi	CARTON	Thùng	8.00	242000	242	source
PAPER	Giấy in các loại	VPP_3AF7970E654D6195C50F7BA2	Giấy in 2 liên không chia	CARTON	Thùng	8.00	330500	243	source
PAPER	Giấy in các loại	VPP_5DFA318F8ADFE64F906FBCE9	Giấy in 3 liên A4 không chia	CARTON	Thùng	8.00	330500	244	source
PAPER	Giấy in các loại	VPP_093027673A33EAC72B0FDAD7	Giấy in ảnh 1 mặt dày 230g	STACK	Xấp	8.00	105000	284	source
PAPER	Giấy in các loại	VPP_CD2F4D9B683614581333F588	Giấy in ảnh 2 mặt bóng dày ĐL 230	STACK	Xấp	8.00	125000	279	source
PAPER	Giấy in các loại	VPP_B641E26ED38F84C4E91B59B4	Giấy in ảnh 2 mặt bóng mỏng A4	STACK	Xấp	8.00	85000	280	source
PAPER	Giấy in các loại	VPP_4EB544B725713AE6DE9F29D2	Giấy in ảnh decal 135 A4	STACK	Xấp	8.00	105000	281	source
PAPER	Giấy in các loại	VPP_195AF0CE092CBF74712F0A61	Giấy in ảnh decal A4 1 mặt dày 150	STACK	Xấp	8.00	90000	283	source
PAPER	Giấy in các loại	VPP_450CF737ADD281C503E37F32	Giấy in ảnh decal A4 1 mặt mòng 135	STACK	Xấp	8.00	72000	282	source
PAPER	Giấy in các loại	VPP_E2509CC1F03CDC186AD4B658	Giấy Niêm Phong (Mỏng)	STACK	Xấp	8.00	48000	241	source
PAPER	Giấy in các loại	VPP_51ADAB9A4F66933B5085E080	Giấy note 3x3 5 màu dạ quang	STACK	Xấp	8.00	14500	252	source
PAPER	Giấy in các loại	VPP_FEB5EB6F2EC92B39A6E56332	Giấy note 4 màu 1*4 (4 màu dạ quang)	STACK	Xấp	8.00	12500	247	source
PAPER	Giấy in các loại	VPP_B345DC72BD6A87306ED6EF11	Giấy note vàng 3*3 - UNC	STACK	Xấp	8.00	6200	245	source
PAPER	Giấy in các loại	VPP_7B5DEC16E35EA0BA0606EF7F	Giấy note vàng 3*5	STACK	Xấp	8.00	8900	246	source
PAPER	Giấy in các loại	VPP_4A9B9544CFEC772FC56A0349	Giấy Paper on 80 - A3	REAM	Ram	8.00	186000	275	source
PAPER	Giấy in các loại	VPP_80754672320C296C10A27CF5	Giấy than Horse - 100 tờ/xấp	STACK	Xấp	8.00	82000	274	source
PAPER	Giấy in các loại	VPP_ACF844D08217F0C73D37EA52	Note 1.5x2 -Pronoti	STACK	Xấp	8.00	4600	249	source
PAPER	Giấy in các loại	VPP_895036527234A3CB3C75D4FF	Note 2x3 - UNC	STACK	Xấp	8.00	4700	250	source
PAPER	Giấy in các loại	VPP_9D6FCF2D426B48B36063CEB9	Note 3x4 - UNC	STACK	Xấp	8.00	8100	251	source
PAPER	Giấy in các loại	VPP_4FA5218353791647D8532A7A	Note mũi tên 5 màu	STACK	Xấp	8.00	12500	248	source
TAPE_FASTENING	Băng keo, bấm kim, bấm lỗ	VPP_21F9281AFF0DB72AB9B3EE32	Acco nhựa UNI	BOX	Hộp	8.00	14500	5	source
TAPE_FASTENING	Băng keo, bấm kim, bấm lỗ	VPP_4FFEFF07334D6365EF9F489C	Acco sắt SDI	BOX	Hộp	8.00	22000	6	source
TAPE_FASTENING	Băng keo, bấm kim, bấm lỗ	VPP_2FA2BF35A9B31FA5B5210703	Bấm 4 lỗ lớn Trio - 0999D	ITEM	Cái	8.00	153000	18	source
TAPE_FASTENING	Băng keo, bấm kim, bấm lỗ	VPP_9A5338A6EEAB068DA3464EED	Bấm kim 50 LA	ITEM	Cái	8.00	423000	13	source
TAPE_FASTENING	Băng keo, bấm kim, bấm lỗ	VPP_88C80CF75B91240A2327F929	Bấm kim 50 SA	ITEM	Cái	8.00	257000	12	source
TAPE_FASTENING	Băng keo, bấm kim, bấm lỗ	VPP_34D45B1E089677D5314D8405	Bấm kim không dùng kim plus	ITEM	Cái	8.00	115000	10	source
TAPE_FASTENING	Băng keo, bấm kim, bấm lỗ	VPP_7C684D5CAD062DFB039940C0	Bấm kim Munix - số 3	ITEM	Cái	8.00	41200	9	source
TAPE_FASTENING	Băng keo, bấm kim, bấm lỗ	VPP_084AC8B1E31EB7C36524411F	Bấm kim số 10 Plus	ITEM	Cái	8.00	31500	8	source
TAPE_FASTENING	Băng keo, bấm kim, bấm lỗ	VPP_0E22764D6123F64450D05908	Bấm kim Trio - 50 LA (hãng)	ITEM	Cái	8.00	405000	7	source
TAPE_FASTENING	Băng keo, bấm kim, bấm lỗ	VPP_169C872368AEF986A146E101	Bấm lỗ lớn Trio - 9670	ITEM	Cái	8.00	311700	17	source
TAPE_FASTENING	Băng keo, bấm kim, bấm lỗ	VPP_07382AD2CA678568F61E68DD	Bấm lỗ trung - 837	ITEM	Cái	8.00	42100	14	source
TAPE_FASTENING	Băng keo, bấm kim, bấm lỗ	VPP_340BFF6E0D3B4675D74EE392	Bấm lỗ trung - 970	ITEM	Cái	8.00	57900	15	source
TAPE_FASTENING	Băng keo, bấm kim, bấm lỗ	VPP_4E90E064E595F4C48CA5C87C	Bấm lỗ trung Trio - 978	ITEM	Cái	8.00	91600	16	source
TAPE_FASTENING	Băng keo, bấm kim, bấm lỗ	VPP_F639822CBB882D92AB85CB29	Băng keo 2 mặt (1.2cm) 14y	ROLL	Cuộn	8.00	2650	19	source
TAPE_FASTENING	Băng keo, bấm kim, bấm lỗ	VPP_E33C3FD2E20FAFA535A1C606	Băng keo 2 mặt (2.4cm) 14y	ROLL	Cuộn	8.00	5200	20	source
TAPE_FASTENING	Băng keo, bấm kim, bấm lỗ	VPP_303B96ABC54BA0C5A8978709	Băng keo 2 mặt (5cm) 14y	ROLL	Cuộn	8.00	9600	21	source
TAPE_FASTENING	Băng keo, bấm kim, bấm lỗ	VPP_D3B0EC9B4A7A7DB208EEA9FE	Băng keo 2 mặt đen 2F4 Hàn Quốc	ROLL	Cuộn	8.00	18500	22	source
TAPE_FASTENING	Băng keo, bấm kim, bấm lỗ	VPP_70E69C8D45763D3701B01069	Băng keo 2 mặt vàng (1.0cm) 50y	ROLL	Cuộn	8.00	15500	23	source
TAPE_FASTENING	Băng keo, bấm kim, bấm lỗ	VPP_BB94C8DCC66B6861B4772B67	Băng keo 2 mặt vàng (1.2cm) 50y	ROLL	Cuộn	8.00	18500	24	source
TAPE_FASTENING	Băng keo, bấm kim, bấm lỗ	VPP_96DCD8D9D2CA0518564896DF	Băng keo 2 mặt vàng (2.4cm) 50y	ROLL	Cuộn	8.00	29500	25	source
TAPE_FASTENING	Băng keo, bấm kim, bấm lỗ	VPP_F6A97031A20B6DDE93B55997	Băng keo dán sách (loại 5 phân)	ROLL	Cuộn	8.00	11200	36	source
TAPE_FASTENING	Băng keo, bấm kim, bấm lỗ	VPP_5D7BCAECE3938664C87AB792	Băng keo điện NANO- 2cm	ROLL	Cuộn	8.00	7200	27	source
TAPE_FASTENING	Băng keo, bấm kim, bấm lỗ	VPP_FAB821C5425A09654A4F350A	Băng keo điện NANO- lớn	ROLL	Cuộn	8.00	14500	28	source
TAPE_FASTENING	Băng keo, bấm kim, bấm lỗ	VPP_620DAB8ECFE7336B86A971F8	Băng keo giấy kem 1.2 cm	ROLL	Cuộn	8.00	3150	29	source
TAPE_FASTENING	Băng keo, bấm kim, bấm lỗ	VPP_F619979572276FB062A5B165	Băng keo giấy kem 2.4 cm	ROLL	Cuộn	8.00	6000	31	source
TAPE_FASTENING	Băng keo, bấm kim, bấm lỗ	VPP_506033EA3026EE18CBC0A735	Băng keo giấy kem 5 cm	ROLL	Cuộn	8.00	11200	30	source
TAPE_FASTENING	Băng keo, bấm kim, bấm lỗ	VPP_EB5D01590D83934371BE4457	Băng keo si 3,6 cm (xd)	ROLL	Cuộn	8.00	8900	39	source
TAPE_FASTENING	Băng keo, bấm kim, bấm lỗ	VPP_FE7DB5E1D3697C2BB7C369C4	Băng keo si 5 cm (vàng)	ROLL	Cuộn	8.00	11200	37	source
TAPE_FASTENING	Băng keo, bấm kim, bấm lỗ	VPP_816B6ED3A01A907619963BB6	Băng keo si 5 cm (xd)	ROLL	Cuộn	8.00	11200	38	source
TAPE_FASTENING	Băng keo, bấm kim, bấm lỗ	VPP_79FFDC0D6B3AEBB44D7B94D3	Băng keo trong 1.2cm 100y	ROLL	Cuộn	8.00	3900	33	source
TAPE_FASTENING	Băng keo, bấm kim, bấm lỗ	VPP_AC7C38A7F3DD7588B2E65F73	Băng Keo Trong 2.4cm 100y	ROLL	Cuộn	8.00	7800	34;41	duplicate_first_source_row
TAPE_FASTENING	Băng keo, bấm kim, bấm lỗ	VPP_2D5F01DA9DD63C4779AE3A74	Băng keo trong 5cm 100y	ROLL	Cuộn	8.00	15600	42	source
TAPE_FASTENING	Băng keo, bấm kim, bấm lỗ	VPP_F61B54D2E6C19B80A008F848	Băng keo trong 7cm 100y	ROLL	Cuộn	8.00	19900	43	source
TAPE_FASTENING	Băng keo, bấm kim, bấm lỗ	VPP_D895BF7B47F215E748ADC415	Băng keo vải 5P	ROLL	Cuộn	8.00	22500	40	source
TAPE_FASTENING	Băng keo, bấm kim, bấm lỗ	VPP_FA6E27AF1296E3EE49CE969C	Băng keo VP 1.8x 25y (cuộn nhỏ)	ROLL	Cuộn	8.00	2600	35	source
TAPE_FASTENING	Băng keo, bấm kim, bấm lỗ	VPP_04711541D044B314488B2993	Băng keo xốp 2.4cm 12y	ROLL	Cuộn	8.00	14100	32	source
TAPE_FASTENING	Băng keo, bấm kim, bấm lỗ	VPP_773510DF06D4068D44F6CEA6	Kềm Bấm Đinh Ghim Có Điều Chỉnh Tăng Lực	ITEM	Cái	8.00	211500	11	source
TAPE_FASTENING	Băng keo, bấm kim, bấm lỗ	VPP_5E64F153F8F9C8B4432CFC66	Lưỡi lam trắng	ITEM	Cái	8.00	2500	26	source
WRITING	Bút viết	VPP_34EB1232FB29515098AF113F	Bảng 0,8m x 1,2m	ITEM	Cái	8.00	375000	192	source
WRITING	Bút viết	VPP_89DE5302FB2D9DB90266AFA1	Bọ cắt băng keo 2001	ITEM	Cái	8.00	13200	190	source
WRITING	Bút viết	VPP_7C874CE730D52882F2157F7D	Bọ cắt băng keo sunny 2003	ITEM	Cái	8.00	16500	189	source
WRITING	Bút viết	VPP_4656D210C41D4A62F1C6DC04	Bọ cắt băng keo sunny 2004	ITEM	Cái	8.00	45000	188	source
WRITING	Bút viết	VPP_C149410B2F3D29D421B8AEEC	Bút bay hồng - HQ	STICK	Cây	8.00	8200	186	source
WRITING	Bút viết	VPP_B0DDBC9A75A57D9BE66F846E	Bút bi 4 màu	STICK	Cây	8.00	16500	141	source
WRITING	Bút viết	VPP_57741C38387602E8ED9CB12E	Bút bi đen 027	STICK	Cây	8.00	3250	137	source
WRITING	Bút viết	VPP_DED50ACDCD723F5C78B696EF	Bút bi đỏ 027	STICK	Cây	8.00	3250	138	source
WRITING	Bút viết	VPP_132A2BBE1F4260CA2EAB57C3	Bút bi Double A DBP-107 0.7mm Xanh	STICK	Cây	8.00	5200	139	source
WRITING	Bút viết	VPP_32184C660BC39DFF87FAA8FF	Bút bi master 01	STICK	Cây	8.00	7000	185	source
WRITING	Bút viết	VPP_668C8430005C6771ADB62800	Bút bi Metal Clip - 036, xanh	STICK	Cây	8.00	9300	143	source
WRITING	Bút viết	VPP_F34C1D7B96106C05D05D86F8	Bút bi TL 08 đen	STICK	Cây	8.00	3250	135	source
WRITING	Bút viết	VPP_D3D6184575331F724008F1C0	Bút bi TL 08 đỏ	STICK	Cây	8.00	3250	134	source
WRITING	Bút viết	VPP_6A721030CDE5BD1BCD7B271F	Bút bi TL 08 xanh	STICK	Cây	8.00	3250	133	source
WRITING	Bút viết	VPP_B4DF94CB1BA5A4DC0529CEEF	Bút bi xanh 027	STICK	Cây	8.00	3250	136	source
WRITING	Bút viết	VPP_0810C4338C72B0128750035E	Bút Chì bấm loại tốt - 125AT	STICK	Cây	8.00	11700	157	source
WRITING	Bút viết	VPP_653AD43BB4A6338E70F9F0A3	Bút chì bấm Pentel A255	STICK	Cây	8.00	11500	159	source
WRITING	Bút viết	VPP_DA6F8E6B8635CC080F254869	Bút chì bấm Pentel AX-105	STICK	Cây	8.00	10500	158	source
WRITING	Bút viết	VPP_2E8036912C0C118193AE0FB3	Bút Chì - KOH 2B (Tiệp)	STICK	Cây	8.00	2900	155	source
WRITING	Bút viết	VPP_A1843168E69B4D667321E60B	Bút Chì - KOH 6B (Tiệp)	STICK	Cây	8.00	3200	156	source
WRITING	Bút viết	VPP_5E42A1F973691A7F95EF48B1	Bút dạ quang ( cam) 28 toyo	STICK	Cây	8.00	6100	160	source
WRITING	Bút viết	VPP_F71D762546FCCACBABE5E5AD	Bút dạ quang ( hồng ) 28 toyo	STICK	Cây	8.00	6100	161	source
WRITING	Bút viết	VPP_F57370A7282AFEA6EBC72314	Bút dạ quang TL - HL03, cam	STICK	Cây	8.00	6800	168	source
WRITING	Bút viết	VPP_FC78548B8D51584D97F9D7DD	Bút dạ quang TL - HL03, hồng	STICK	Cây	8.00	6800	165	source
WRITING	Bút viết	VPP_E28FC4A10C0381542A669396	Bút dạ quang TL - HL03, vàng	STICK	Cây	8.00	6800	166	source
WRITING	Bút viết	VPP_48B228F0E3896B14789E6066	Bút dạ quang TL - HL03, x.lá	STICK	Cây	8.00	6800	167	source
WRITING	Bút viết	VPP_1CAD0182C33B0C201E0E7789	Bút dạ quang ( vàng ) 28 toyo	STICK	Cây	8.00	6100	162	source
WRITING	Bút viết	VPP_82E05295E74F9547D0D713DC	Bút dạ quang ( xanh lá) 28 toyo	STICK	Cây	8.00	6100	163	source
WRITING	Bút viết	VPP_2F0754FF849B2148B0E1523F	Bút Gel B-01 Master	STICK	Cây	8.00	7200	142	source
WRITING	Bút viết	VPP_1FA67E442AD5264E224ABC21	Bút Gel mini - đen	STICK	Cây	8.00	2950	150	source
WRITING	Bút viết	VPP_F1F10A0AA7C0162BC5C93F8F	Bút Gel mini - đỏ	STICK	Cây	8.00	2950	149	source
WRITING	Bút viết	VPP_6363BA3296FE3DABCA557288	Bút gel mini tím	STICK	Cây	8.00	4500	140	source
WRITING	Bút viết	VPP_8A6004587DAB5F97101D2DAA	Bút Gel mini - xanh	STICK	Cây	8.00	2950	151	source
WRITING	Bút viết	VPP_BF6896D027E958ECB245F9DC	Bút ký tên UB 150 đen	STICK	Cây	8.00	11000	147	source
WRITING	Bút viết	VPP_BABCBD60B3E6739439A79348	Bút ký tên UB 150 đỏ	STICK	Cây	8.00	11000	148	source
WRITING	Bút viết	VPP_26236FE87C8CD383ECF968F0	Bút ký tên UB 150 xanh	STICK	Cây	8.00	11000	146	source
WRITING	Bút viết	VPP_CA46C829B605607CA69D00D8	Bút lông bảng (đen) WB 03	STICK	Cây	8.00	6600	172	source
WRITING	Bút viết	VPP_31652BF5F2AFF0AE3F4DABD9	Bút lông bảng (đỏ) WB 03	STICK	Cây	8.00	6600	171	source
WRITING	Bút viết	VPP_84E5A61FF505F7CE45F1C840	Bút lông bảng (xanh) WB 03	STICK	Cây	8.00	6600	173	source
WRITING	Bút viết	VPP_FEE311E205150E7EEFC27F80	Bút Lông Dầu màu đen PM01	STICK	Cây	8.00	7300	181	source
WRITING	Bút viết	VPP_C7D2BF25E6F99729258E04FC	Bút Lông Dầu màu xanh PM01	STICK	Cây	8.00	7300	180	source
WRITING	Bút viết	VPP_703C9346DDE8065468268581	Bút lông dầu nhỏ MO - 120 Đen,	STICK	Cây	8.00	4500	183	source
WRITING	Bút viết	VPP_55AC23311EE4BE8F5CBBCB04	Bút lông dầu nhỏ MO 120 Xanh	STICK	Cây	8.00	4500	182	source
WRITING	Bút viết	VPP_BF074043071874632B0F425A	Bút lông dầu nhỏ T.long PM 04 (đen)	STICK	Cây	8.00	7900	175	source
WRITING	Bút viết	VPP_5177513D677876CCBF44A9FF	Bút lông dầu nhỏ T.Long PM 04 (đỏ)	STICK	Cây	8.00	7900	176	source
WRITING	Bút viết	VPP_083E862BFE14BEC171B5C9BC	Bút lông dầu nhỏ T.long PM 04 (Xanh)	STICK	Cây	8.00	7900	174	source
WRITING	Bút viết	VPP_00B9F8BD0D8D02D86617954B	Bút Lông Dầu PM09 (Đen)	STICK	Cây	8.00	8200	177	source
WRITING	Bút viết	VPP_65B9096B644D2766D1446398	Bút Lông Dầu PM09 (Đỏ)	STICK	Cây	8.00	8200	179	source
WRITING	Bút viết	VPP_0C8815EFBEF04F6F413674EF	Bút Lông Dầu PM09 (Xanh)	STICK	Cây	8.00	8200	178	source
WRITING	Bút viết	VPP_4C01619001D25DC9E8BCD45C	Bút lông kim Zebifa đen	STICK	Cây	8.00	4500	153	source
WRITING	Bút viết	VPP_05DD2B0821EE732F55D35EB2	Bút lông kim Zebifa đỏ	STICK	Cây	8.00	4500	154	source
WRITING	Bút viết	VPP_32FEB75B5B0F9EB586268D1E	Bút lông kim Zebifa Xanh	STICK	Cây	8.00	4500	152	source
WRITING	Bút viết	VPP_4992936A17ADEB7C8C8958DC	Bút Nhũ Bạc Con Gấu	STICK	Cây	8.00	4500	170	source
WRITING	Bút viết	VPP_21DA8BFB930ADBE77004F865	Bút sáp màu vỏ xé	BOX	Hộp	8.00	55000	169	source
WRITING	Bút viết	VPP_A628EFEE451431286DFCC812	Bút sáp vặn TL 12 màu (50004912)	BOX	Hộp	8.00	38500	164	source
WRITING	Bút viết	VPP_0C3D636846222846B5D4205F	Bút sơn Century's	ITEM	Cái	8.00	68000	191;318	duplicate_first_source_row
WRITING	Bút viết	VPP_1B3572D61073F1403813FF9A	Bút sơn Demi - vàng	TUBE	Tuýp	8.00	68000	200	source
WRITING	Bút viết	VPP_34C9874CADE6715AAB31D9AF	Bút T.Long đế cắm bàn PH - 02	SET	Bộ	8.00	15000	144	source
WRITING	Bút viết	VPP_1F9772F4165DA57927CD6B92	Bút Uniball(CH)	STICK	Cây	8.00	38500	145	source
WRITING	Bút viết	VPP_47C162C20BA3F03DF160D568	Bút xoá kéo hiệu Plus Corection	STICK	Cây	8.00	19500	187	source
WRITING	Bút viết	VPP_E18F602781ED69156EA49BFA	Bút xóa nước TL CP02	STICK	Cây	8.00	18300	184	source
WRITING	Bút viết	VPP_6C6744BFEC7F53DDA9586720	Cắt băng keo DH-5cm	ITEM	Cái	8.00	24000	193	source
WRITING	Bút viết	VPP_245486DA962A9877944D297F	Cắt băng keo DH-7cm	ITEM	Cái	8.00	29000	194	source
WRITING	Bút viết	VPP_570C0D4B7D678006CEE3149E	Chuốt bút chì Maped nhỏ	ITEM	Cái	8.00	4500	202	source
WRITING	Bút viết	VPP_16C225AD7EF7C255DD6CE9A9	Chuốt bút chì sắt	ITEM	Cái	8.00	22500	201	source
WRITING	Bút viết	VPP_17C920E87D64EE8DD1E73779	Đồ lau bảng nhung	PIECE	Chiếc	8.00	12600	203	source
WRITING	Bút viết	VPP_1F2E05337AACAEFE6ADDCDD5	Dụng cụ gỡ kim Eagle 1029	ITEM	Cái	8.00	8500	206	source
WRITING	Bút viết	VPP_F617FABCB891014B2AD52518	Dụng cụ gỡ kim Trio	ITEM	Cái	8.00	9500	205	source
WRITING	Bút viết	VPP_D1FF3E6824EBB8CA8780D072	Gở kim kiềm	ITEM	Cái	8.00	27000	204	source
WRITING	Bút viết	VPP_63F4452B9F94AD96C2ABF57F	Ruột bút bi xanh 027	STICK	Cây	8.00	2250	132	source
WRITING	Bút viết	VPP_CB0ABB8B0ED4AF899AFDFDB1	Ruột chì 0.7mm	BLISTER	Vỉ	8.00	12000	198	source
WRITING	Bút viết	VPP_75D2A88A2848A158996108E6	Ruột chì 0.9mm	BOX	Hộp	8.00	38000	197	source
WRITING	Bút viết	VPP_6E0E11FF48294D6F5EEF5445	Ruột chì ĐL	BLISTER	Vỉ	8.00	4500	196	source
WRITING	Bút viết	VPP_49B85DC7CA1938D1BEE9C2FF	Ruột chì Monami ML-SQ 0.5	BLISTER	Vỉ	8.00	14500	199	source
WRITING	Bút viết	VPP_5DF5205E1682ED55BCA1B136	Ruột xóa kéo Plus	ITEM	Cái	8.00	15200	195	source
